-- MySQL dump 10.13  Distrib 8.0.12, for Win64 (x86_64)
--
-- Host: localhost    Database: Furion
-- ------------------------------------------------------
-- Server version	8.0.12

/*!40101 SET @OLD_CHARACTER_SET_CLIENT=@@CHARACTER_SET_CLIENT */;
/*!40101 SET @OLD_CHARACTER_SET_RESULTS=@@CHARACTER_SET_RESULTS */;
/*!40101 SET @OLD_COLLATION_CONNECTION=@@COLLATION_CONNECTION */;
 SET NAMES utf8mb4 ;
/*!40103 SET @OLD_TIME_ZONE=@@TIME_ZONE */;
/*!40103 SET TIME_ZONE='+00:00' */;
/*!40014 SET @OLD_UNIQUE_CHECKS=@@UNIQUE_CHECKS, UNIQUE_CHECKS=0 */;
/*!40014 SET @OLD_FOREIGN_KEY_CHECKS=@@FOREIGN_KEY_CHECKS, FOREIGN_KEY_CHECKS=0 */;
/*!40101 SET @OLD_SQL_MODE=@@SQL_MODE, SQL_MODE='NO_AUTO_VALUE_ON_ZERO' */;
/*!40111 SET @OLD_SQL_NOTES=@@SQL_NOTES, SQL_NOTES=0 */;

--
-- Table structure for table `__efmigrationshistory`
--

DROP TABLE IF EXISTS `__efmigrationshistory`;
/*!40101 SET @saved_cs_client     = @@character_set_client */;
 SET character_set_client = utf8mb4 ;
CREATE TABLE `__efmigrationshistory` (
  `MigrationId` varchar(150) CHARACTER SET utf8mb4 COLLATE utf8mb4_0900_ai_ci NOT NULL,
  `ProductVersion` varchar(32) CHARACTER SET utf8mb4 COLLATE utf8mb4_0900_ai_ci NOT NULL,
  PRIMARY KEY (`MigrationId`)
) ENGINE=MyISAM DEFAULT CHARSET=utf8mb4 COLLATE=utf8mb4_0900_ai_ci;
/*!40101 SET character_set_client = @saved_cs_client */;

--
-- Dumping data for table `__efmigrationshistory`
--

LOCK TABLES `__efmigrationshistory` WRITE;
/*!40000 ALTER TABLE `__efmigrationshistory` DISABLE KEYS */;
INSERT INTO `__efmigrationshistory` VALUES ('20210708105053_v1.0.0','5.0.7');
/*!40000 ALTER TABLE `__efmigrationshistory` ENABLE KEYS */;
UNLOCK TABLES;

--
-- Table structure for table `car`
--

DROP TABLE IF EXISTS `car`;
/*!40101 SET @saved_cs_client     = @@character_set_client */;
 SET character_set_client = utf8mb4 ;
CREATE TABLE `car` (
  `Id` bigint(20) NOT NULL COMMENT 'Id主键',
  `CarName` longtext CHARACTER SET utf8mb4 COLLATE utf8mb4_0900_ai_ci,
  `CarNo` longtext CHARACTER SET utf8mb4 COLLATE utf8mb4_0900_ai_ci,
  `CreatedTime` datetime(6) DEFAULT NULL COMMENT '创建时间',
  `UpdatedTime` datetime(6) DEFAULT NULL COMMENT '更新时间',
  `CreatedUserId` bigint(20) DEFAULT NULL COMMENT '创建者Id',
  `CreatedUserName` varchar(20) CHARACTER SET utf8mb4 COLLATE utf8mb4_0900_ai_ci DEFAULT NULL COMMENT '创建者名称',
  `UpdatedUserId` bigint(20) DEFAULT NULL COMMENT '修改者Id',
  `UpdatedUserName` varchar(20) CHARACTER SET utf8mb4 COLLATE utf8mb4_0900_ai_ci DEFAULT NULL COMMENT '修改者名称',
  `IsDeleted` tinyint(1) NOT NULL COMMENT '软删除标记',
  PRIMARY KEY (`Id`)
) ENGINE=MyISAM DEFAULT CHARSET=utf8mb4 COLLATE=utf8mb4_0900_ai_ci COMMENT='车辆信息';
/*!40101 SET character_set_client = @saved_cs_client */;

--
-- Dumping data for table `car`
--

LOCK TABLES `car` WRITE;
/*!40000 ALTER TABLE `car` DISABLE KEYS */;
/*!40000 ALTER TABLE `car` ENABLE KEYS */;
UNLOCK TABLES;

--
-- Table structure for table `sys_app`
--

DROP TABLE IF EXISTS `sys_app`;
/*!40101 SET @saved_cs_client     = @@character_set_client */;
 SET character_set_client = utf8mb4 ;
CREATE TABLE `sys_app` (
  `Id` bigint(20) NOT NULL COMMENT 'Id主键',
  `Name` varchar(20) CHARACTER SET utf8mb4 COLLATE utf8mb4_0900_ai_ci NOT NULL COMMENT '名称',
  `Code` varchar(50) CHARACTER SET utf8mb4 COLLATE utf8mb4_0900_ai_ci NOT NULL COMMENT '编码',
  `Active` varchar(5) CHARACTER SET utf8mb4 COLLATE utf8mb4_0900_ai_ci DEFAULT NULL COMMENT '是否默认激活',
  `Status` int(11) NOT NULL COMMENT '状态',
  `Sort` int(11) NOT NULL COMMENT '排序',
  `CreatedTime` datetime(6) DEFAULT NULL COMMENT '创建时间',
  `UpdatedTime` datetime(6) DEFAULT NULL COMMENT '更新时间',
  `CreatedUserId` bigint(20) DEFAULT NULL COMMENT '创建者Id',
  `CreatedUserName` varchar(20) CHARACTER SET utf8mb4 COLLATE utf8mb4_0900_ai_ci DEFAULT NULL COMMENT '创建者名称',
  `UpdatedUserId` bigint(20) DEFAULT NULL COMMENT '修改者Id',
  `UpdatedUserName` varchar(20) CHARACTER SET utf8mb4 COLLATE utf8mb4_0900_ai_ci DEFAULT NULL COMMENT '修改者名称',
  `IsDeleted` tinyint(1) NOT NULL COMMENT '软删除标记',
  PRIMARY KEY (`Id`)
) ENGINE=MyISAM DEFAULT CHARSET=utf8mb4 COLLATE=utf8mb4_0900_ai_ci COMMENT='系统应用表';
/*!40101 SET character_set_client = @saved_cs_client */;

--
-- Dumping data for table `sys_app`
--

LOCK TABLES `sys_app` WRITE;
/*!40000 ALTER TABLE `sys_app` DISABLE KEYS */;
INSERT INTO `sys_app` VALUES (142307070898245,'平台管理','system','N',0,100,NULL,'2021-07-13 06:25:20.699914',NULL,NULL,142307070910551,'superAdmin',0),(142307070922826,'运营管理','platform','N',0,200,NULL,NULL,NULL,NULL,NULL,NULL,0),(142307070902341,'系统管理','manage','N',0,300,NULL,NULL,NULL,NULL,NULL,NULL,0),(142307070922869,'流媒体应用','busiapp','Y',0,400,NULL,'2021-07-13 06:25:20.699920',NULL,NULL,142307070910551,'superAdmin',0);
/*!40000 ALTER TABLE `sys_app` ENABLE KEYS */;
UNLOCK TABLES;

--
-- Table structure for table `sys_code_gen`
--

DROP TABLE IF EXISTS `sys_code_gen`;
/*!40101 SET @saved_cs_client     = @@character_set_client */;
 SET character_set_client = utf8mb4 ;
CREATE TABLE `sys_code_gen` (
  `Id` bigint(20) NOT NULL COMMENT 'Id主键',
  `AuthorName` varchar(20) CHARACTER SET utf8mb4 COLLATE utf8mb4_0900_ai_ci DEFAULT NULL COMMENT '作者姓名',
  `TablePrefix` varchar(5) CHARACTER SET utf8mb4 COLLATE utf8mb4_0900_ai_ci DEFAULT NULL COMMENT '是否移除表前缀',
  `GenerateType` varchar(20) CHARACTER SET utf8mb4 COLLATE utf8mb4_0900_ai_ci DEFAULT NULL COMMENT '生成方式',
  `TableName` varchar(100) CHARACTER SET utf8mb4 COLLATE utf8mb4_0900_ai_ci DEFAULT NULL COMMENT '数据库表名',
  `NameSpace` varchar(100) CHARACTER SET utf8mb4 COLLATE utf8mb4_0900_ai_ci DEFAULT NULL COMMENT '命名空间',
  `BusName` varchar(100) CHARACTER SET utf8mb4 COLLATE utf8mb4_0900_ai_ci DEFAULT NULL COMMENT '业务名',
  `MenuApplication` varchar(50) CHARACTER SET utf8mb4 COLLATE utf8mb4_0900_ai_ci DEFAULT NULL COMMENT '菜单应用分类',
  `MenuPid` bigint(20) NOT NULL COMMENT '菜单编码',
  `CreatedTime` datetime(6) DEFAULT NULL COMMENT '创建时间',
  `UpdatedTime` datetime(6) DEFAULT NULL COMMENT '更新时间',
  `CreatedUserId` bigint(20) DEFAULT NULL COMMENT '创建者Id',
  `CreatedUserName` varchar(20) CHARACTER SET utf8mb4 COLLATE utf8mb4_0900_ai_ci DEFAULT NULL COMMENT '创建者名称',
  `UpdatedUserId` bigint(20) DEFAULT NULL COMMENT '修改者Id',
  `UpdatedUserName` varchar(20) CHARACTER SET utf8mb4 COLLATE utf8mb4_0900_ai_ci DEFAULT NULL COMMENT '修改者名称',
  `IsDeleted` tinyint(1) NOT NULL COMMENT '软删除标记',
  PRIMARY KEY (`Id`)
) ENGINE=MyISAM DEFAULT CHARSET=utf8mb4 COLLATE=utf8mb4_0900_ai_ci COMMENT='代码生成表';
/*!40101 SET character_set_client = @saved_cs_client */;

--
-- Dumping data for table `sys_code_gen`
--

LOCK TABLES `sys_code_gen` WRITE;
/*!40000 ALTER TABLE `sys_code_gen` DISABLE KEYS */;
INSERT INTO `sys_code_gen` VALUES (179155273781317,'langmansh',NULL,'2','videochannels','Admin.NET.Application','设备管理','busiapp',0,'2021-07-10 08:04:42.533696',NULL,142307070910551,'superAdmin',NULL,NULL,0);
/*!40000 ALTER TABLE `sys_code_gen` ENABLE KEYS */;
UNLOCK TABLES;

--
-- Table structure for table `sys_code_gen_config`
--

DROP TABLE IF EXISTS `sys_code_gen_config`;
/*!40101 SET @saved_cs_client     = @@character_set_client */;
 SET character_set_client = utf8mb4 ;
CREATE TABLE `sys_code_gen_config` (
  `Id` bigint(20) NOT NULL COMMENT 'Id主键',
  `CodeGenId` bigint(20) NOT NULL COMMENT '代码生成主表ID',
  `ColumnName` varchar(100) CHARACTER SET utf8mb4 COLLATE utf8mb4_0900_ai_ci NOT NULL COMMENT '数据库字段名',
  `ColumnComment` varchar(100) CHARACTER SET utf8mb4 COLLATE utf8mb4_0900_ai_ci DEFAULT NULL COMMENT '字段描述',
  `NetType` varchar(50) CHARACTER SET utf8mb4 COLLATE utf8mb4_0900_ai_ci DEFAULT NULL COMMENT '.NET数据类型',
  `EffectType` varchar(50) CHARACTER SET utf8mb4 COLLATE utf8mb4_0900_ai_ci DEFAULT NULL COMMENT '作用类型',
  `FkEntityName` varchar(50) CHARACTER SET utf8mb4 COLLATE utf8mb4_0900_ai_ci DEFAULT NULL COMMENT '外键实体名称',
  `FkColumnName` varchar(50) CHARACTER SET utf8mb4 COLLATE utf8mb4_0900_ai_ci DEFAULT NULL COMMENT '外键显示字段',
  `FkColumnNetType` varchar(50) CHARACTER SET utf8mb4 COLLATE utf8mb4_0900_ai_ci DEFAULT NULL COMMENT '外键显示字段.NET类型',
  `DictTypeCode` varchar(50) CHARACTER SET utf8mb4 COLLATE utf8mb4_0900_ai_ci DEFAULT NULL COMMENT '字典Code',
  `WhetherRetract` varchar(5) CHARACTER SET utf8mb4 COLLATE utf8mb4_0900_ai_ci DEFAULT NULL COMMENT '列表是否缩进',
  `WhetherRequired` varchar(5) CHARACTER SET utf8mb4 COLLATE utf8mb4_0900_ai_ci DEFAULT NULL COMMENT '是否必填',
  `QueryWhether` varchar(5) CHARACTER SET utf8mb4 COLLATE utf8mb4_0900_ai_ci DEFAULT NULL COMMENT '是否是查询条件',
  `QueryType` varchar(10) CHARACTER SET utf8mb4 COLLATE utf8mb4_0900_ai_ci DEFAULT NULL COMMENT '查询方式',
  `WhetherTable` varchar(5) CHARACTER SET utf8mb4 COLLATE utf8mb4_0900_ai_ci DEFAULT NULL COMMENT '列表显示',
  `WhetherOrderBy` varchar(5) CHARACTER SET utf8mb4 COLLATE utf8mb4_0900_ai_ci DEFAULT NULL COMMENT '列表是否排序',
  `WhetherAddUpdate` varchar(5) CHARACTER SET utf8mb4 COLLATE utf8mb4_0900_ai_ci DEFAULT NULL COMMENT '增改',
  `ColumnKey` varchar(5) CHARACTER SET utf8mb4 COLLATE utf8mb4_0900_ai_ci DEFAULT NULL COMMENT '主键',
  `DataType` varchar(50) CHARACTER SET utf8mb4 COLLATE utf8mb4_0900_ai_ci DEFAULT NULL COMMENT '数据库中类型',
  `WhetherCommon` varchar(5) CHARACTER SET utf8mb4 COLLATE utf8mb4_0900_ai_ci DEFAULT NULL COMMENT '是否通用字段',
  `CreatedTime` datetime(6) DEFAULT NULL COMMENT '创建时间',
  `UpdatedTime` datetime(6) DEFAULT NULL COMMENT '更新时间',
  `CreatedUserId` bigint(20) DEFAULT NULL COMMENT '创建者Id',
  `CreatedUserName` varchar(20) CHARACTER SET utf8mb4 COLLATE utf8mb4_0900_ai_ci DEFAULT NULL COMMENT '创建者名称',
  `UpdatedUserId` bigint(20) DEFAULT NULL COMMENT '修改者Id',
  `UpdatedUserName` varchar(20) CHARACTER SET utf8mb4 COLLATE utf8mb4_0900_ai_ci DEFAULT NULL COMMENT '修改者名称',
  `IsDeleted` tinyint(1) NOT NULL COMMENT '软删除标记',
  PRIMARY KEY (`Id`)
) ENGINE=MyISAM DEFAULT CHARSET=utf8mb4 COLLATE=utf8mb4_0900_ai_ci COMMENT='代码生成字段配置表';
/*!40101 SET character_set_client = @saved_cs_client */;

--
-- Dumping data for table `sys_code_gen_config`
--

LOCK TABLES `sys_code_gen_config` WRITE;
/*!40000 ALTER TABLE `sys_code_gen_config` DISABLE KEYS */;
INSERT INTO `sys_code_gen_config` VALUES (179155276529733,179155273781317,'Id','数据库主键','long','input',NULL,NULL,NULL,NULL,'N','N','N','==','N','N','N','True','System.Int64','N','2021-07-10 08:04:43.204405','2021-07-10 08:34:03.920690',142307070910551,'superAdmin',142307070910551,'superAdmin',0),(179155276529761,179155273781317,'NoPlayerBreak','无人断流','System.UInt64','switch',NULL,NULL,NULL,NULL,'N','N','Y','==','Y','Y','Y','False','System.Nullable`1[System.UInt64]','N','2021-07-10 08:04:43.204430','2021-07-10 08:34:03.920693',142307070910551,'superAdmin',142307070910551,'superAdmin',0),(179155276529760,179155273781317,'Enabled','是否启用','System.UInt64','switch',NULL,NULL,NULL,NULL,'N','N','Y','==','Y','Y','Y','False','System.Nullable`1[System.UInt64]','N','2021-07-10 08:04:43.204426','2021-07-10 08:34:03.920693',142307070910551,'superAdmin',142307070910551,'superAdmin',0),(179155276529759,179155273781317,'UpdateTime','更新时间','DateTime','datepicker',NULL,NULL,NULL,NULL,'N','N','Y','==','N','Y','Y','False','System.DateTime','N','2021-07-10 08:04:43.204426','2021-07-10 08:34:03.920694',142307070910551,'superAdmin',142307070910551,'superAdmin',0),(179155276529758,179155273781317,'CreateTime','创建时间','DateTime','datepicker',NULL,NULL,NULL,NULL,'N','N','Y','==','N','Y','Y','False','System.DateTime','N','2021-07-10 08:04:43.204425','2021-07-10 08:34:03.920694',142307070910551,'superAdmin',142307070910551,'superAdmin',0),(179155276529757,179155273781317,'DefaultRtpPort','默认端口','System.UInt64','switch',NULL,NULL,NULL,NULL,'N','N','Y','==','Y','Y','Y','False','System.Nullable`1[System.UInt64]','N','2021-07-10 08:04:43.204425','2021-07-10 08:34:03.920694',142307070910551,'superAdmin',142307070910551,'superAdmin',0),(179155276529756,179155273781317,'VideoSrcUrl','rtsp地址','string','input',NULL,NULL,NULL,NULL,'N','N','Y','==','Y','Y','Y','False','System.String','N','2021-07-10 08:04:43.204424','2021-07-10 08:34:03.920695',142307070910551,'superAdmin',142307070910551,'superAdmin',0),(179155276529755,179155273781317,'RtpWithTcp','TCP协议','System.UInt64','switch',NULL,NULL,NULL,NULL,'N','N','Y','==','Y','Y','Y','False','System.Nullable`1[System.UInt64]','N','2021-07-10 08:04:43.204424','2021-07-10 08:34:03.920695',142307070910551,'superAdmin',142307070910551,'superAdmin',0),(179155276529754,179155273781317,'ChannelId','通道ID','string','input',NULL,NULL,NULL,NULL,'N','N','Y','==','Y','Y','Y','False','System.String','N','2021-07-10 08:04:43.204422','2021-07-10 08:34:03.920695',142307070910551,'superAdmin',142307070910551,'superAdmin',0),(179155276529753,179155273781317,'DeviceId','设备ID','string','input',NULL,NULL,NULL,NULL,'N','N','Y','==','Y','Y','Y','False','System.String','N','2021-07-10 08:04:43.204421','2021-07-10 08:34:03.920696',142307070910551,'superAdmin',142307070910551,'superAdmin',0),(179155276529752,179155273781317,'HasPtz','云台','System.UInt64','switch',NULL,NULL,NULL,NULL,'N','N','Y','==','Y','Y','Y','False','System.UInt64','N','2021-07-10 08:04:43.204420','2021-07-10 08:34:03.920696',142307070910551,'superAdmin',142307070910551,'superAdmin',0),(179155276529751,179155273781317,'IpV6Address','ipv6地址','string','input',NULL,NULL,NULL,NULL,'N','N','Y','==','Y','Y','Y','False','System.String','N','2021-07-10 08:04:43.204420','2021-07-10 08:34:03.920696',142307070910551,'superAdmin',142307070910551,'superAdmin',0),(179155276529750,179155273781317,'IpV4Address','ipv4地址','string','input',NULL,NULL,NULL,NULL,'N','N','Y','==','Y','Y','Y','False','System.String','N','2021-07-10 08:04:43.204419','2021-07-10 08:34:03.920697',142307070910551,'superAdmin',142307070910551,'superAdmin',0),(179155276529749,179155273781317,'RecordPlanName','录制计划模板名称','string','input',NULL,NULL,NULL,NULL,'N','N','Y','==','Y','Y','Y','False','System.String','N','2021-07-10 08:04:43.204419','2021-07-10 08:34:03.920697',142307070910551,'superAdmin',142307070910551,'superAdmin',0),(179155276529748,179155273781317,'AutoRecord','自动录制','System.UInt64','switch',NULL,NULL,NULL,NULL,'N','N','Y','==','Y','Y','Y','False','System.UInt64','N','2021-07-10 08:04:43.204418','2021-07-10 08:34:03.920698',142307070910551,'superAdmin',142307070910551,'superAdmin',0),(179155276529746,179155273781317,'VideoDeviceType','设备类型','string','select',NULL,NULL,NULL,'device_type','N','N','Y','==','Y','Y','Y','False','System.String','N','2021-07-10 08:04:43.204416','2021-07-10 08:34:03.920699',142307070910551,'superAdmin',142307070910551,'superAdmin',0),(179155276529745,179155273781317,'MethodByGetStream','非rtp设备拉流方式','string','select',NULL,NULL,NULL,'getstream_type','N','N','Y','==','Y','Y','Y','False','System.String','N','2021-07-10 08:04:43.204415','2021-07-10 08:34:03.920699',142307070910551,'superAdmin',142307070910551,'superAdmin',0),(179155276529744,179155273781317,'DeviceStreamType','设备的流类型','string','select',NULL,NULL,NULL,'device_stream_type','N','N','Y','==','Y','Y','Y','False','System.String','N','2021-07-10 08:04:43.204415','2021-07-10 08:34:03.920699',142307070910551,'superAdmin',142307070910551,'superAdmin',0),(179155276529743,179155273781317,'DeviceNetworkType','设备的网络类型','string','select',NULL,NULL,NULL,'device_net_type','N','N','Y','==','Y','Y','Y','False','System.String','N','2021-07-10 08:04:43.204414','2021-07-10 08:34:03.920700',142307070910551,'superAdmin',142307070910551,'superAdmin',0),(179155276529742,179155273781317,'PDepartmentName','上级部门名称','string','input',NULL,NULL,NULL,NULL,'N','N','Y','==','Y','Y','Y','False','System.String','N','2021-07-10 08:04:43.204414','2021-07-10 08:34:03.920700',142307070910551,'superAdmin',142307070910551,'superAdmin',0),(179155276529741,179155273781317,'PDepartmentId','上级部门代码','string','input',NULL,NULL,NULL,NULL,'N','N','Y','==','Y','Y','Y','False','System.String','N','2021-07-10 08:04:43.204414','2021-07-10 08:34:03.920700',142307070910551,'superAdmin',142307070910551,'superAdmin',0),(179155276529740,179155273781317,'DepartmentName','部门名称','string','input',NULL,NULL,NULL,NULL,'N','N','Y','==','Y','Y','Y','False','System.String','N','2021-07-10 08:04:43.204413','2021-07-10 08:34:03.920701',142307070910551,'superAdmin',142307070910551,'superAdmin',0),(179155276529739,179155273781317,'DepartmentId','部门代码','string','input',NULL,NULL,NULL,NULL,'N','N','Y','==','Y','Y','Y','False','System.String','N','2021-07-10 08:04:43.204413','2021-07-10 08:34:03.920701',142307070910551,'superAdmin',142307070910551,'superAdmin',0),(179155276529738,179155273781317,'ChannelName','通道名称','string','input',NULL,NULL,NULL,NULL,'N','N','Y','==','Y','Y','Y','False','System.String','N','2021-07-10 08:04:43.204412','2021-07-10 08:34:03.920702',142307070910551,'superAdmin',142307070910551,'superAdmin',0),(179155276529737,179155273781317,'App','app','string','input',NULL,NULL,NULL,NULL,'N','N','Y','==','Y','Y','Y','False','System.String','N','2021-07-10 08:04:43.204412','2021-07-10 08:34:03.920702',142307070910551,'superAdmin',142307070910551,'superAdmin',0),(179155276529736,179155273781317,'Vhost','vhost','string','input',NULL,NULL,NULL,NULL,'N','N','Y','==','Y','Y','Y','False','System.String','N','2021-07-10 08:04:43.204411','2021-07-10 08:34:03.920703',142307070910551,'superAdmin',142307070910551,'superAdmin',0),(179155276529735,179155273781317,'MediaServerId','流媒体服务器ID','string','input',NULL,NULL,NULL,NULL,'N','N','Y','==','Y','Y','Y','False','System.String','N','2021-07-10 08:04:43.204411','2021-07-10 08:34:03.920703',142307070910551,'superAdmin',142307070910551,'superAdmin',0),(179155276529734,179155273781317,'MainId','设备ID','string','input',NULL,NULL,NULL,NULL,'N','N','Y','==','Y','Y','Y','False','System.String','N','2021-07-10 08:04:43.204410','2021-07-10 08:34:03.920704',142307070910551,'superAdmin',142307070910551,'superAdmin',0),(179155276529747,179155273781317,'AutoVideo','自动推拉流','System.UInt64','switch',NULL,NULL,NULL,NULL,'N','N','Y','==','Y','Y','Y','False','System.UInt64','N','2021-07-10 08:04:43.204416','2021-07-10 08:34:03.920704',142307070910551,'superAdmin',142307070910551,'superAdmin',0),(179155276529763,179155273781317,'RecordSecs','录制时长（秒）','int','inputnumber',NULL,NULL,NULL,NULL,'N','N','Y','==','Y','Y','Y','False','System.Nullable`1[System.Int32]','N','2021-07-10 08:04:43.204431','2021-07-10 08:34:03.920704',142307070910551,'superAdmin',142307070910551,'superAdmin',0);
/*!40000 ALTER TABLE `sys_code_gen_config` ENABLE KEYS */;
UNLOCK TABLES;

--
-- Table structure for table `sys_config`
--

DROP TABLE IF EXISTS `sys_config`;
/*!40101 SET @saved_cs_client     = @@character_set_client */;
 SET character_set_client = utf8mb4 ;
CREATE TABLE `sys_config` (
  `Id` bigint(20) NOT NULL COMMENT 'Id主键',
  `Name` varchar(50) CHARACTER SET utf8mb4 COLLATE utf8mb4_0900_ai_ci NOT NULL COMMENT '名称',
  `Code` varchar(50) CHARACTER SET utf8mb4 COLLATE utf8mb4_0900_ai_ci NOT NULL COMMENT '编码',
  `Value` varchar(50) CHARACTER SET utf8mb4 COLLATE utf8mb4_0900_ai_ci DEFAULT NULL COMMENT '属性值',
  `SysFlag` varchar(5) CHARACTER SET utf8mb4 COLLATE utf8mb4_0900_ai_ci DEFAULT NULL COMMENT '是否是系统参数',
  `Remark` varchar(100) CHARACTER SET utf8mb4 COLLATE utf8mb4_0900_ai_ci DEFAULT NULL COMMENT '备注',
  `Status` int(11) NOT NULL COMMENT '状态',
  `GroupCode` varchar(50) CHARACTER SET utf8mb4 COLLATE utf8mb4_0900_ai_ci DEFAULT NULL COMMENT '常量所属分类的编码',
  `CreatedTime` datetime(6) DEFAULT NULL COMMENT '创建时间',
  `UpdatedTime` datetime(6) DEFAULT NULL COMMENT '更新时间',
  `CreatedUserId` bigint(20) DEFAULT NULL COMMENT '创建者Id',
  `CreatedUserName` varchar(20) CHARACTER SET utf8mb4 COLLATE utf8mb4_0900_ai_ci DEFAULT NULL COMMENT '创建者名称',
  `UpdatedUserId` bigint(20) DEFAULT NULL COMMENT '修改者Id',
  `UpdatedUserName` varchar(20) CHARACTER SET utf8mb4 COLLATE utf8mb4_0900_ai_ci DEFAULT NULL COMMENT '修改者名称',
  `IsDeleted` tinyint(1) NOT NULL COMMENT '软删除标记',
  PRIMARY KEY (`Id`)
) ENGINE=MyISAM DEFAULT CHARSET=utf8mb4 COLLATE=utf8mb4_0900_ai_ci COMMENT='参数配置表';
/*!40101 SET character_set_client = @saved_cs_client */;

--
-- Dumping data for table `sys_config`
--

LOCK TABLES `sys_config` WRITE;
/*!40000 ALTER TABLE `sys_config` DISABLE KEYS */;
INSERT INTO `sys_config` VALUES (142307070902360,'邮箱发件人','DILON_EMAIL_FROM','test@126.com','Y','邮箱发件人',0,'EMAIL',NULL,NULL,NULL,NULL,NULL,NULL,0),(142307070902362,'Linux/Mac本地上传文件路径','DILON_FILE_UPLOAD_PATH_FOR_LINUX','/tmp','Y','Linux/Mac本地上传文件路径',0,'FILE_PATH',NULL,NULL,NULL,NULL,NULL,NULL,0),(142307070902363,'放开XSS过滤的接口','DILON_UN_XSS_FILTER_URL','/demo/xssfilter,/demo/unxss','Y','多个url可以用英文逗号隔开',0,'DEFAULT',NULL,NULL,NULL,NULL,NULL,NULL,0),(142307070902364,'单用户登陆的开关','DILON_ENABLE_SINGLE_LOGIN','false','Y','true-打开，false-关闭，如果一个人登录两次，就会将上一次登陆挤下去',0,'DEFAULT',NULL,NULL,NULL,NULL,NULL,NULL,0),(142307070902365,'登录验证码的开关','DILON_CAPTCHA_OPEN','false','Y','true-打开，false-关闭',0,'DEFAULT',NULL,'2021-07-11 09:28:30.521730',NULL,NULL,142307070910551,'superAdmin',0),(142307070902366,'Druid监控登录账号','DILON_DRUID_USERNAME','superAdmin','Y','Druid监控登录账号',0,'DEFAULT',NULL,NULL,NULL,NULL,NULL,NULL,0),(142307070902367,'Druid监控界面登录密码','DILON_DRUID_PASSWORD','123456','Y','Druid监控界面登录密码',0,'DEFAULT',NULL,NULL,NULL,NULL,NULL,NULL,0),(142307070902369,'阿里云定位appCode','DILON_IP_GEO_APP_CODE','461535aabeae4f34861884d392f5d452','Y','阿里云定位appCode',0,'DEFAULT',NULL,NULL,NULL,NULL,NULL,NULL,0),(142307070902359,'邮箱是否开启ssl','DILON_EMAIL_SSL','true','Y','邮箱是否开启ssl',0,'EMAIL',NULL,NULL,NULL,NULL,NULL,NULL,0),(142307070902370,'Oauth用户登录的开关','DILON_ENABLE_OAUTH_LOGIN','true','Y','Oauth用户登录的开关',0,'OAUTH',NULL,NULL,NULL,NULL,NULL,NULL,0),(142307070902371,'Oauth码云登录ClientId','DILON_OAUTH_GITEE_CLIENT_ID','你的clientId','Y','Oauth码云登录ClientId',0,'OAUTH',NULL,NULL,NULL,NULL,NULL,NULL,0),(142307070902372,'Oauth码云登录ClientSecret','DILON_OAUTH_GITEE_CLIENT_SECRET','你的clientSecret','Y','Oauth码云登录ClientSecret',0,'OAUTH',NULL,NULL,NULL,NULL,NULL,NULL,0),(142307070902373,'Oauth码云登录回调地址','DILON_OAUTH_GITEE_REDIRECT_URI','http://127.0.0.1:5566/oauth/callback/gitee','Y','Oauth码云登录回调地址',0,'OAUTH',NULL,NULL,NULL,NULL,NULL,NULL,0),(142307070902374,'演示环境','DILON_DEMO_ENV_FLAG','false','Y','演示环境的开关,true-打开，false-关闭，如果演示环境开启，则只能读数据不能写数据',0,'DEFAULT',NULL,NULL,NULL,NULL,NULL,NULL,0),(142307070902368,'阿里云定位api接口地址','DILON_IP_GEO_API','http://api01.aliyun.venuscn.com/ip?ip=%s','Y','阿里云定位api接口地址',0,'DEFAULT',NULL,NULL,NULL,NULL,NULL,NULL,0),(142307070902358,'邮箱端口','DILON_EMAIL_PORT','465','Y','邮箱端口',0,'EMAIL',NULL,NULL,NULL,NULL,NULL,NULL,0),(142307070902361,'Win本地上传文件路径','DILON_FILE_UPLOAD_PATH_FOR_WINDOWS','D:/tmp','Y','Win本地上传文件路径',0,'FILE_PATH',NULL,NULL,NULL,NULL,NULL,NULL,0),(142307070902356,'邮箱用户名','DILON_EMAIL_USERNAME','test@126.com','Y','邮箱用户名',0,'EMAIL',NULL,NULL,NULL,NULL,NULL,NULL,0),(142307070902342,'jwt密钥','DILON_JWT_SECRET','xiaonuo','Y','（重要）jwt密钥，默认为空，自行设置',0,'DEFAULT',NULL,NULL,NULL,NULL,NULL,NULL,0),(142307070902343,'默认密码','DILON_DEFAULT_PASSWORD','123456','Y','默认密码',0,'DEFAULT',NULL,NULL,NULL,NULL,NULL,NULL,0),(142307070902357,'邮箱密码','DILON_EMAIL_PASSWORD','你的邮箱密码','Y','邮箱密码',0,'EMAIL',NULL,NULL,NULL,NULL,NULL,NULL,0),(142307070902345,'session会话过期时间','DILON_SESSION_EXPIRE','7200','Y','session会话过期时间（单位：秒）',0,'DEFAULT',NULL,NULL,NULL,NULL,NULL,NULL,0),(142307070902346,'阿里云短信keyId','DILON_ALIYUN_SMS_ACCESSKEY_ID','你的keyId','Y','阿里云短信keyId',0,'ALIYUN_SMS',NULL,NULL,NULL,NULL,NULL,NULL,0),(142307070902347,'阿里云短信secret','DILON_ALIYUN_SMS_ACCESSKEY_SECRET','你的secret','Y','阿里云短信secret',0,'ALIYUN_SMS',NULL,NULL,NULL,NULL,NULL,NULL,0),(142307070902348,'阿里云短信签名','DILON_ALIYUN_SMS_SIGN_NAME','你的签名','Y','阿里云短信签名',0,'ALIYUN_SMS',NULL,NULL,NULL,NULL,NULL,NULL,0),(142307070902344,'token过期时间','DILON_TOKEN_EXPIRE','86400','Y','token过期时间（单位：秒）',0,'DEFAULT',NULL,NULL,NULL,NULL,NULL,NULL,0),(142307070902350,'阿里云短信默认失效时间','DILON_ALIYUN_SMS_INVALIDATE_MINUTES','5','Y','阿里云短信默认失效时间（单位：分钟）',0,'ALIYUN_SMS',NULL,NULL,NULL,NULL,NULL,NULL,0),(142307070902351,'腾讯云短信secretId','DILON_TENCENT_SMS_SECRET_ID','你的secretId','Y','腾讯云短信secretId',0,'TENCENT_SMS',NULL,NULL,NULL,NULL,NULL,NULL,0),(142307070902352,'腾讯云短信secretKey','DILON_TENCENT_SMS_SECRET_KEY','你的secretkey','Y','腾讯云短信secretKey',0,'TENCENT_SMS',NULL,NULL,NULL,NULL,NULL,NULL,0),(142307070902353,'腾讯云短信sdkAppId','DILON_TENCENT_SMS_SDK_APP_ID','1400375123','Y','腾讯云短信sdkAppId',0,'TENCENT_SMS',NULL,NULL,NULL,NULL,NULL,NULL,0),(142307070902354,'腾讯云短信签名','DILON_TENCENT_SMS_SIGN','你的签名','Y','腾讯云短信签名',0,'TENCENT_SMS',NULL,NULL,NULL,NULL,NULL,NULL,0),(142307070902355,'邮箱host','DILON_EMAIL_HOST','smtp.126.com','Y','邮箱host',0,'EMAIL',NULL,NULL,NULL,NULL,NULL,NULL,0),(142307070902349,'阿里云短信-登录模板号','DILON_ALIYUN_SMS_LOGIN_TEMPLATE_CODE','SMS_1877123456','Y','阿里云短信-登录模板号',0,'ALIYUN_SMS',NULL,NULL,NULL,NULL,NULL,NULL,0);
/*!40000 ALTER TABLE `sys_config` ENABLE KEYS */;
UNLOCK TABLES;

--
-- Table structure for table `sys_dict_data`
--

DROP TABLE IF EXISTS `sys_dict_data`;
/*!40101 SET @saved_cs_client     = @@character_set_client */;
 SET character_set_client = utf8mb4 ;
CREATE TABLE `sys_dict_data` (
  `Id` bigint(20) NOT NULL COMMENT 'Id主键',
  `TypeId` bigint(20) NOT NULL COMMENT '字典类型Id',
  `Value` varchar(100) CHARACTER SET utf8mb4 COLLATE utf8mb4_0900_ai_ci DEFAULT NULL COMMENT '值',
  `Code` varchar(50) CHARACTER SET utf8mb4 COLLATE utf8mb4_0900_ai_ci DEFAULT NULL COMMENT '编码',
  `Sort` int(11) NOT NULL COMMENT '排序',
  `Remark` varchar(100) CHARACTER SET utf8mb4 COLLATE utf8mb4_0900_ai_ci DEFAULT NULL COMMENT '备注',
  `Status` int(11) NOT NULL COMMENT '状态',
  `CreatedTime` datetime(6) DEFAULT NULL COMMENT '创建时间',
  `UpdatedTime` datetime(6) DEFAULT NULL COMMENT '更新时间',
  `CreatedUserId` bigint(20) DEFAULT NULL COMMENT '创建者Id',
  `CreatedUserName` varchar(20) CHARACTER SET utf8mb4 COLLATE utf8mb4_0900_ai_ci DEFAULT NULL COMMENT '创建者名称',
  `UpdatedUserId` bigint(20) DEFAULT NULL COMMENT '修改者Id',
  `UpdatedUserName` varchar(20) CHARACTER SET utf8mb4 COLLATE utf8mb4_0900_ai_ci DEFAULT NULL COMMENT '修改者名称',
  `IsDeleted` tinyint(1) NOT NULL COMMENT '软删除标记',
  PRIMARY KEY (`Id`),
  KEY `IX_sys_dict_data_TypeId` (`TypeId`)
) ENGINE=MyISAM DEFAULT CHARSET=utf8mb4 COLLATE=utf8mb4_0900_ai_ci COMMENT='字典值表';
/*!40101 SET character_set_client = @saved_cs_client */;

--
-- Dumping data for table `sys_dict_data`
--

LOCK TABLES `sys_dict_data` WRITE;
/*!40000 ALTER TABLE `sys_dict_data` DISABLE KEYS */;
INSERT INTO `sys_dict_data` VALUES (142307070902384,142307070906483,'正常','0',100,'正常',0,NULL,NULL,NULL,NULL,NULL,NULL,0),(142307070922834,142307070922827,'开关','switch',100,'开关',0,NULL,NULL,NULL,NULL,NULL,NULL,0),(142307070922833,142307070922827,'单选框','radio',100,'单选框',0,NULL,NULL,NULL,NULL,NULL,NULL,0),(142307070922832,142307070922827,'下拉框','select',100,'下拉框',0,NULL,NULL,NULL,NULL,NULL,NULL,0),(142307070922831,142307070922827,'时间选择','datepicker',100,'时间选择',0,NULL,NULL,NULL,NULL,NULL,NULL,0),(142307070922830,142307070922827,'输入框','input',100,'输入框',0,NULL,NULL,NULL,NULL,NULL,NULL,0),(142307070922829,142307070922827,'外键','fk',100,'外键',0,NULL,NULL,NULL,NULL,NULL,NULL,0),(142307070906482,142307070910538,'DELETE','4',100,'DELETE',0,NULL,NULL,NULL,NULL,NULL,NULL,0),(142307070906481,142307070910538,'PUT','3',100,'PUT',0,NULL,NULL,NULL,NULL,NULL,NULL,0),(142307070906480,142307070910538,'POST','2',100,'POST',0,NULL,NULL,NULL,NULL,NULL,NULL,0),(142307070906479,142307070910538,'GET','1',100,'GET',0,NULL,NULL,NULL,NULL,NULL,NULL,0),(142307070922835,142307070922827,'多选框','checkbox',100,'多选框',0,NULL,NULL,NULL,NULL,NULL,NULL,0),(142307070906478,142307070910537,'生成到本项目','2',100,'生成到本项目',0,NULL,NULL,NULL,NULL,NULL,NULL,0),(142307070906476,142307070910536,'否','false',100,'否',0,NULL,NULL,NULL,NULL,NULL,NULL,0),(142307070906475,142307070910536,'是','true',100,'是',0,NULL,NULL,NULL,NULL,NULL,NULL,0),(142307070906474,142307070910535,'删除','3',100,'删除',0,NULL,NULL,NULL,NULL,NULL,NULL,0),(142307070906473,142307070910535,'撤回','2',100,'撤回',0,NULL,NULL,NULL,NULL,NULL,NULL,0),(142307070906472,142307070910535,'发布','1',100,'发布',0,NULL,NULL,NULL,NULL,NULL,NULL,0),(142307070906471,142307070910535,'草稿','0',100,'草稿',0,NULL,NULL,NULL,NULL,NULL,NULL,0),(142307070906470,142307070910534,'公告','2',100,'公告',0,NULL,NULL,NULL,NULL,NULL,NULL,0),(142307070906469,142307070910534,'通知','1',100,'通知',0,NULL,NULL,NULL,NULL,NULL,NULL,0),(142307070906468,142307070910533,'停止','2',100,'停止',0,NULL,NULL,NULL,NULL,NULL,NULL,0),(142307070906467,142307070910533,'运行','1',100,'运行',0,NULL,NULL,NULL,NULL,NULL,NULL,0),(142307070906477,142307070910537,'下载压缩包','1',100,'下载压缩包',0,NULL,NULL,NULL,NULL,NULL,NULL,0),(142307070922836,142307070922827,'数字输入框','inputnumber',100,'数字输入框',0,NULL,NULL,NULL,NULL,NULL,NULL,0),(142307070922837,142307070922827,'文本域','textarea',100,'文本域',0,NULL,NULL,NULL,NULL,NULL,NULL,0),(142307070922838,142307070922828,'等于','==',1,'等于',0,NULL,NULL,NULL,NULL,NULL,NULL,0),(142307070926949,142307070926942,'加盟店','4',100,'加盟店',0,NULL,NULL,NULL,NULL,NULL,NULL,0),(142307070926948,142307070926942,'直营店','3',100,'直营店',0,NULL,NULL,NULL,NULL,NULL,NULL,0),(142307070926947,142307070926942,'总店(加盟/直营)','2',100,'总店(加盟/直营)',0,NULL,NULL,NULL,NULL,NULL,NULL,0),(142307070926946,142307070926942,'品牌','1',100,'品牌',0,NULL,NULL,NULL,NULL,NULL,NULL,0),(142307070926945,142307070926941,'门店角色','2',100,'门店角色',0,NULL,NULL,NULL,NULL,NULL,NULL,0),(142307070926944,142307070926941,'加盟商角色','1',100,'加盟商角色',0,NULL,NULL,NULL,NULL,NULL,NULL,0),(142307070926943,142307070926941,'集团角色','0',100,'集团角色',0,NULL,NULL,NULL,NULL,NULL,NULL,0),(142307070922864,142307070922829,'DateTimeOffset','DateTimeOffset',100,'DateTimeOffset',0,NULL,NULL,NULL,NULL,NULL,NULL,0),(142307070922863,142307070922829,'Guid','Guid',100,'Guid',0,NULL,NULL,NULL,NULL,NULL,NULL,0),(142307070922862,142307070922829,'decimal','decimal',100,'decimal',0,NULL,NULL,NULL,NULL,NULL,NULL,0),(142307070922861,142307070922829,'float','float',100,'float',0,NULL,NULL,NULL,NULL,NULL,NULL,0),(142307070922848,142307070922829,'DateTime','DateTime',100,'DateTime',0,NULL,NULL,NULL,NULL,NULL,NULL,0),(142307070922852,142307070922829,'double','double',100,'double',0,NULL,NULL,NULL,NULL,NULL,NULL,0),(142307070922850,142307070922829,'bool','bool',100,'bool',0,NULL,NULL,NULL,NULL,NULL,NULL,0),(142307070922847,142307070922829,'string','string',100,'string',0,NULL,NULL,NULL,NULL,NULL,NULL,0),(142307070922846,142307070922829,'long','long',100,'long',0,NULL,NULL,NULL,NULL,NULL,NULL,0),(142307070922851,142307070922829,'int','int',100,'int',0,NULL,NULL,NULL,NULL,NULL,NULL,0),(142307070922844,142307070922828,'小于等于','<=',7,'小于等于',0,NULL,NULL,NULL,NULL,NULL,NULL,0),(142307070922843,142307070922828,'大于等于','>=',6,'大于等于',0,NULL,NULL,NULL,NULL,NULL,NULL,0),(142307070922842,142307070922828,'不等于','!=',5,'不等于',0,NULL,NULL,NULL,NULL,NULL,NULL,0),(142307070922841,142307070922828,'小于','<',4,'小于',0,NULL,NULL,NULL,NULL,NULL,NULL,0),(142307070922840,142307070922828,'大于','>',3,'大于',0,NULL,NULL,NULL,NULL,NULL,NULL,0),(142307070922839,142307070922828,'模糊','like',2,'模糊',0,NULL,NULL,NULL,NULL,NULL,NULL,0),(142307070906466,142307070906495,'本地','4',100,'本地',0,NULL,NULL,NULL,NULL,NULL,NULL,0),(142307070906465,142307070906495,'minio','3',100,'minio',0,NULL,NULL,NULL,NULL,NULL,NULL,0),(142307070922845,142307070922828,'不为空','isNotNull',8,'不为空',0,NULL,NULL,NULL,NULL,NULL,NULL,0),(142307070906463,142307070906495,'阿里云','1',100,'阿里云',0,NULL,NULL,NULL,NULL,NULL,NULL,0),(142307070902397,142307070906489,'失效','3',100,'失效',0,NULL,NULL,NULL,NULL,NULL,NULL,0),(142307070902396,142307070906489,'发送失败','2',100,'发送失败',0,NULL,NULL,NULL,NULL,NULL,NULL,0),(142307070902395,142307070906489,'发送成功','1',100,'发送成功',0,NULL,NULL,NULL,NULL,NULL,NULL,0),(142307070902394,142307070906489,'未发送','0',100,'未发送',0,NULL,NULL,NULL,NULL,NULL,NULL,0),(142307070902393,142307070906488,'按钮','2',100,'按钮',0,NULL,NULL,NULL,NULL,NULL,NULL,0),(142307070906464,142307070906495,'腾讯云','2',100,'腾讯云',0,NULL,NULL,NULL,NULL,NULL,NULL,0),(142307070902392,142307070906488,'菜单','1',100,'菜单',0,NULL,NULL,NULL,NULL,NULL,NULL,0),(142307070902391,142307070906488,'目录','0',100,'目录',0,NULL,NULL,NULL,NULL,NULL,NULL,0),(142307070902390,142307070906487,'登出','2',100,'登出',0,NULL,NULL,NULL,NULL,NULL,NULL,0),(142307070902389,142307070906487,'登录','1',100,'登录',0,NULL,NULL,NULL,NULL,NULL,NULL,0),(142307070902388,142307070906486,'是','Y',100,'是',0,NULL,NULL,NULL,NULL,NULL,NULL,0),(142307070902387,142307070906486,'否','N',100,'否',0,NULL,NULL,NULL,NULL,NULL,NULL,0),(142307070902383,142307070906485,'Oauth配置','OAUTH',100,'Oauth配置',0,NULL,NULL,NULL,NULL,NULL,NULL,0),(142307070902382,142307070906485,'文件上传路径','FILE_PATH',100,'文件上传路径',0,NULL,NULL,NULL,NULL,NULL,NULL,0),(142307070902381,142307070906485,'邮件配置','EMAIL',100,'邮件配置',0,NULL,NULL,NULL,NULL,NULL,NULL,0),(142307070902380,142307070906485,'腾讯云短信','TENCENT_SMS',100,'腾讯云短信',0,NULL,NULL,NULL,NULL,NULL,NULL,0),(142307070902379,142307070906485,'阿里云短信','ALIYUN_SMS',100,'阿里云短信配置',0,NULL,NULL,NULL,NULL,NULL,NULL,0),(142307070902378,142307070906485,'默认常量','DEFAULT',100,'默认常量，都以XIAONUO_开头的',0,NULL,NULL,NULL,NULL,NULL,NULL,0),(142307070902377,142307070906484,'未知','3',100,'未知性别',0,NULL,NULL,NULL,NULL,NULL,NULL,0),(142307070902376,142307070906484,'女','2',100,'女性',0,NULL,NULL,NULL,NULL,NULL,NULL,0),(142307070902375,142307070906484,'男','1',100,'男性',0,NULL,NULL,NULL,NULL,NULL,NULL,0),(142307070902386,142307070906483,'删除','2',100,'删除',0,NULL,NULL,NULL,NULL,NULL,NULL,0),(142307070902385,142307070906483,'停用','1',100,'停用',0,NULL,NULL,NULL,NULL,NULL,NULL,0),(142307070902398,142307070906490,'无','0',100,'无',0,NULL,NULL,NULL,NULL,NULL,NULL,0),(142307070902399,142307070906490,'组件','1',100,'组件',0,NULL,NULL,NULL,NULL,NULL,NULL,0),(142307070906437,142307070906490,'内链','2',100,'内链',0,NULL,NULL,NULL,NULL,NULL,NULL,0),(142307070906438,142307070906490,'外链','3',100,'外链',0,NULL,NULL,NULL,NULL,NULL,NULL,0),(142307070906462,142307070906494,'修改状态','13',100,'修改状态',0,NULL,NULL,NULL,NULL,NULL,NULL,0),(142307070906461,142307070906494,'清空','12',100,'清空',0,NULL,NULL,NULL,NULL,NULL,NULL,0),(142307070906460,142307070906494,'强退','11',100,'强退',0,NULL,NULL,NULL,NULL,NULL,NULL,0),(142307070906459,142307070906494,'授权','10',100,'授权',0,NULL,NULL,NULL,NULL,NULL,NULL,0),(142307070906458,142307070906494,'导出','9',100,'导出',0,NULL,NULL,NULL,NULL,NULL,NULL,0),(142307070906457,142307070906494,'导入','8',100,'导入',0,NULL,NULL,NULL,NULL,NULL,NULL,0),(142307070906456,142307070906494,'树','7',100,'树',0,NULL,NULL,NULL,NULL,NULL,NULL,0),(142307070906455,142307070906494,'详情','6',100,'详情',0,NULL,NULL,NULL,NULL,NULL,NULL,0),(142307070906454,142307070906494,'查询','5',100,'查询',0,NULL,NULL,NULL,NULL,NULL,NULL,0),(142307070906453,142307070906494,'更新','4',100,'更新',0,NULL,NULL,NULL,NULL,NULL,NULL,0),(142307070906452,142307070906494,'编辑','3',100,'编辑',0,NULL,NULL,NULL,NULL,NULL,NULL,0),(142307070906451,142307070906494,'删除','2',100,'删除',0,NULL,NULL,NULL,NULL,NULL,NULL,0),(142307070906449,142307070906494,'其它','0',100,'其它',0,NULL,NULL,NULL,NULL,NULL,NULL,0),(142307070906448,142307070906493,'其他','3',100,'其他',0,NULL,NULL,NULL,NULL,NULL,NULL,0),(142307070906447,142307070906493,'pc','2',100,'pc',0,NULL,NULL,NULL,NULL,NULL,NULL,0),(142307070906446,142307070906493,'app','1',100,'app',0,NULL,NULL,NULL,NULL,NULL,NULL,0),(142307070906445,142307070906492,'自定义数据','5',100,'自定义数据',0,NULL,NULL,NULL,NULL,NULL,NULL,0),(142307070906444,142307070906492,'仅本人数据','4',100,'仅本人数据',0,NULL,NULL,NULL,NULL,NULL,NULL,0),(142307070906443,142307070906492,'本部门数据','3',100,'本部门数据',0,NULL,NULL,NULL,NULL,NULL,NULL,0),(142307070906442,142307070906492,'本部门及以下数据','2',100,'本部门及以下数据',0,NULL,NULL,NULL,NULL,NULL,NULL,0),(142307070906441,142307070906492,'全部数据','1',100,'全部数据',0,NULL,NULL,NULL,NULL,NULL,NULL,0),(142307070906440,142307070906491,'业务权重','2',100,'业务权重',0,NULL,NULL,NULL,NULL,NULL,NULL,0),(142307070906439,142307070906491,'系统权重','1',100,'系统权重',0,NULL,NULL,NULL,NULL,NULL,NULL,0),(142307070906450,142307070906494,'增加','1',100,'增加',0,NULL,NULL,NULL,NULL,NULL,NULL,0),(179157092319301,179156803928133,'IPC','IPC',100,NULL,0,'2021-07-10 08:12:06.512124',NULL,142307070910551,'superAdmin',NULL,NULL,0),(179157135315013,179156803928133,'NVR','NVR',100,NULL,0,'2021-07-10 08:12:17.009470',NULL,142307070910551,'superAdmin',NULL,NULL,0),(179157167140933,179156803928133,'DVR','DVR',100,NULL,0,'2021-07-10 08:12:24.779283',NULL,142307070910551,'superAdmin',NULL,NULL,0),(179160240029765,179160201359429,'不需要','None',100,NULL,0,'2021-07-10 08:24:54.996432','2021-07-10 08:29:55.917459',142307070910551,'superAdmin',142307070910551,'superAdmin',0),(179160679882821,179160610639941,'GB28181','GB28181',100,NULL,0,'2021-07-10 08:26:42.382152',NULL,142307070910551,'superAdmin',NULL,NULL,0),(179160725418053,179160610639941,'Rtsp','Rtsp',100,NULL,0,'2021-07-10 08:26:53.499887',NULL,142307070910551,'superAdmin',NULL,NULL,0),(179160915812421,179160610639941,'Http','Http',100,NULL,0,'2021-07-10 08:27:39.982268',NULL,142307070910551,'superAdmin',NULL,NULL,0),(179160954523717,179160610639941,'Rtmp','Rtmp',100,NULL,0,'2021-07-10 08:27:49.433597',NULL,142307070910551,'superAdmin',NULL,NULL,0),(179161398435909,179160201359429,'ffmpeg','UseFFmpeg',100,NULL,0,'2021-07-10 08:29:37.810139',NULL,142307070910551,'superAdmin',NULL,NULL,0),(179161443381317,179160201359429,'内置方法','SelfMethod',100,NULL,0,'2021-07-10 08:29:48.783801',NULL,142307070910551,'superAdmin',NULL,NULL,0),(179161752526917,179161653993541,'固定网络','Fixed',100,NULL,0,'2021-07-10 08:31:04.258403',NULL,142307070910551,'superAdmin',NULL,NULL,0),(179161788379205,179161653993541,'移动网络','Mobile',100,NULL,0,'2021-07-10 08:31:13.011412',NULL,142307070910551,'superAdmin',NULL,NULL,0);
/*!40000 ALTER TABLE `sys_dict_data` ENABLE KEYS */;
UNLOCK TABLES;

--
-- Table structure for table `sys_dict_type`
--

DROP TABLE IF EXISTS `sys_dict_type`;
/*!40101 SET @saved_cs_client     = @@character_set_client */;
 SET character_set_client = utf8mb4 ;
CREATE TABLE `sys_dict_type` (
  `Id` bigint(20) NOT NULL COMMENT 'Id主键',
  `Name` varchar(50) CHARACTER SET utf8mb4 COLLATE utf8mb4_0900_ai_ci NOT NULL COMMENT '名称',
  `Code` varchar(50) CHARACTER SET utf8mb4 COLLATE utf8mb4_0900_ai_ci NOT NULL COMMENT '编码',
  `Sort` int(11) NOT NULL COMMENT '排序',
  `Remark` varchar(100) CHARACTER SET utf8mb4 COLLATE utf8mb4_0900_ai_ci DEFAULT NULL COMMENT '备注',
  `Status` int(11) NOT NULL COMMENT '状态',
  `CreatedTime` datetime(6) DEFAULT NULL COMMENT '创建时间',
  `UpdatedTime` datetime(6) DEFAULT NULL COMMENT '更新时间',
  `CreatedUserId` bigint(20) DEFAULT NULL COMMENT '创建者Id',
  `CreatedUserName` varchar(20) CHARACTER SET utf8mb4 COLLATE utf8mb4_0900_ai_ci DEFAULT NULL COMMENT '创建者名称',
  `UpdatedUserId` bigint(20) DEFAULT NULL COMMENT '修改者Id',
  `UpdatedUserName` varchar(20) CHARACTER SET utf8mb4 COLLATE utf8mb4_0900_ai_ci DEFAULT NULL COMMENT '修改者名称',
  `IsDeleted` tinyint(1) NOT NULL COMMENT '软删除标记',
  PRIMARY KEY (`Id`)
) ENGINE=MyISAM DEFAULT CHARSET=utf8mb4 COLLATE=utf8mb4_0900_ai_ci COMMENT='字典类型表';
/*!40101 SET character_set_client = @saved_cs_client */;

--
-- Dumping data for table `sys_dict_type`
--

LOCK TABLES `sys_dict_type` WRITE;
/*!40000 ALTER TABLE `sys_dict_type` DISABLE KEYS */;
INSERT INTO `sys_dict_type` VALUES (142307070910534,'通知公告类型','notice_type',100,'通知公告类型',0,NULL,NULL,NULL,NULL,NULL,NULL,0),(142307070910535,'通知公告状态','notice_status',100,'通知公告状态',0,NULL,NULL,NULL,NULL,NULL,NULL,0),(142307070910536,'是否boolean','yes_true_false',100,'是否boolean',0,NULL,NULL,NULL,NULL,NULL,NULL,0),(142307070910538,'请求方式','request_type',100,'请求方式',0,NULL,NULL,NULL,NULL,NULL,NULL,0),(142307070926941,'角色类型','role_type',100,'角色类型',0,NULL,NULL,NULL,NULL,NULL,NULL,0),(142307070922828,'代码生成查询类型','code_gen_query_type',100,'代码生成查询类型',0,NULL,NULL,NULL,NULL,NULL,NULL,0),(142307070922829,'代码生成.NET类型','code_gen_net_type',100,'代码生成.NET类型',0,NULL,NULL,NULL,NULL,NULL,NULL,0),(142307070926942,'机构类型','org_type',100,'机构类型',0,NULL,NULL,NULL,NULL,NULL,NULL,0),(142307070910533,'运行状态','run_status',100,'定时任务运行状态',0,NULL,NULL,NULL,NULL,NULL,NULL,0),(142307070922827,'代码生成作用类型','code_gen_effect_type',100,'代码生成作用类型',0,NULL,NULL,NULL,NULL,NULL,NULL,0),(142307070906495,'文件存储位置','file_storage_location',100,'文件存储位置',0,NULL,NULL,NULL,NULL,NULL,NULL,0),(142307070910537,'代码生成方式','code_gen_create_type',100,'代码生成方式',0,NULL,NULL,NULL,NULL,NULL,NULL,0),(142307070906493,'短信发送来源','sms_send_source',100,'短信发送来源',0,NULL,NULL,NULL,NULL,NULL,NULL,0),(142307070906492,'数据范围类型','data_scope_type',100,'数据范围类型',0,NULL,NULL,NULL,NULL,NULL,NULL,0),(142307070906491,'菜单权重','menu_weight',100,'菜单权重',0,NULL,NULL,NULL,NULL,NULL,NULL,0),(142307070906490,'打开方式','open_type',100,'打开方式',0,NULL,NULL,NULL,NULL,NULL,NULL,0),(142307070906489,'发送类型','send_type',100,'发送类型',0,NULL,NULL,NULL,NULL,NULL,NULL,0),(142307070906494,'操作类型','op_type',100,'操作类型',0,NULL,NULL,NULL,NULL,NULL,NULL,0),(142307070906488,'菜单类型','menu_type',100,'菜单类型',0,NULL,NULL,NULL,NULL,NULL,NULL,0),(142307070906487,'访问类型','vis_type',100,'访问类型',0,NULL,NULL,NULL,NULL,NULL,NULL,0),(142307070906486,'是否','yes_or_no',100,'是否',0,NULL,NULL,NULL,NULL,NULL,NULL,0),(142307070906485,'常量的分类','consts_type',100,'常量的分类，用于区别一组配置',0,NULL,NULL,NULL,NULL,NULL,NULL,0),(142307070906484,'性别','sex',100,'性别字典',0,NULL,NULL,NULL,NULL,NULL,NULL,0),(142307070906483,'通用状态','common_status',100,'通用状态',0,NULL,NULL,NULL,NULL,NULL,NULL,0),(179156803928133,'设备类型','device_type',100,'IPC,NVR,DVR',0,'2021-07-10 08:10:56.104166',NULL,142307070910551,'superAdmin',NULL,NULL,0),(179160201359429,'拉流类型','getstream_type',100,'拉流类型',0,'2021-07-10 08:24:45.555568',NULL,142307070910551,'superAdmin',NULL,NULL,0),(179160610639941,'设备流类型','device_stream_type',100,'设备流类型',0,'2021-07-10 08:26:25.477146',NULL,142307070910551,'superAdmin',NULL,NULL,0),(179161653993541,'设备网络类型','device_net_type',100,NULL,0,'2021-07-10 08:30:40.202219',NULL,142307070910551,'superAdmin',NULL,NULL,0);
/*!40000 ALTER TABLE `sys_dict_type` ENABLE KEYS */;
UNLOCK TABLES;

--
-- Table structure for table `sys_emp`
--

DROP TABLE IF EXISTS `sys_emp`;
/*!40101 SET @saved_cs_client     = @@character_set_client */;
 SET character_set_client = utf8mb4 ;
CREATE TABLE `sys_emp` (
  `Id` bigint(20) NOT NULL COMMENT '用户Id',
  `JobNum` varchar(30) CHARACTER SET utf8mb4 COLLATE utf8mb4_0900_ai_ci DEFAULT NULL COMMENT '工号',
  `OrgId` bigint(20) NOT NULL COMMENT '机构Id',
  `OrgName` varchar(50) CHARACTER SET utf8mb4 COLLATE utf8mb4_0900_ai_ci DEFAULT NULL COMMENT '机构名称',
  PRIMARY KEY (`Id`)
) ENGINE=MyISAM DEFAULT CHARSET=utf8mb4 COLLATE=utf8mb4_0900_ai_ci COMMENT='员工表';
/*!40101 SET character_set_client = @saved_cs_client */;

--
-- Dumping data for table `sys_emp`
--

LOCK TABLES `sys_emp` WRITE;
/*!40000 ALTER TABLE `sys_emp` DISABLE KEYS */;
INSERT INTO `sys_emp` VALUES (142307070910559,'D1003',142307070910548,'租户2公司'),(142307070910557,'D1001',142307070910548,'租户2公司'),(142307070910556,'D1003',142307070910547,'租户1公司'),(142307070910555,'D1002',142307070910547,'租户1公司'),(142307070910558,'D1002',142307070910548,'租户2公司'),(142307070910553,'D1003',142307070910539,'华夏集团'),(142307070910552,'D1002',142307070910539,'华夏集团'),(142307070910551,'D1001',142307070910539,'华夏集团'),(142307070910554,'D1001',142307070910547,'租户1公司');
/*!40000 ALTER TABLE `sys_emp` ENABLE KEYS */;
UNLOCK TABLES;

--
-- Table structure for table `sys_emp_ext_org_pos`
--

DROP TABLE IF EXISTS `sys_emp_ext_org_pos`;
/*!40101 SET @saved_cs_client     = @@character_set_client */;
 SET character_set_client = utf8mb4 ;
CREATE TABLE `sys_emp_ext_org_pos` (
  `SysEmpId` bigint(20) NOT NULL COMMENT '员工Id',
  `SysOrgId` bigint(20) NOT NULL COMMENT '机构Id',
  `SysPosId` bigint(20) NOT NULL COMMENT '职位Id',
  PRIMARY KEY (`SysEmpId`,`SysOrgId`,`SysPosId`),
  KEY `IX_sys_emp_ext_org_pos_SysOrgId` (`SysOrgId`),
  KEY `IX_sys_emp_ext_org_pos_SysPosId` (`SysPosId`)
) ENGINE=MyISAM DEFAULT CHARSET=utf8mb4 COLLATE=utf8mb4_0900_ai_ci COMMENT='员工附属机构职位表';
/*!40101 SET character_set_client = @saved_cs_client */;

--
-- Dumping data for table `sys_emp_ext_org_pos`
--

LOCK TABLES `sys_emp_ext_org_pos` WRITE;
/*!40000 ALTER TABLE `sys_emp_ext_org_pos` DISABLE KEYS */;
INSERT INTO `sys_emp_ext_org_pos` VALUES (142307070910551,142307070910539,142307070910547),(142307070910551,142307070910540,142307070910548),(142307070910551,142307070910541,142307070910549),(142307070910551,142307070910542,142307070910550),(142307070910553,142307070910542,142307070910547);
/*!40000 ALTER TABLE `sys_emp_ext_org_pos` ENABLE KEYS */;
UNLOCK TABLES;

--
-- Table structure for table `sys_emp_pos`
--

DROP TABLE IF EXISTS `sys_emp_pos`;
/*!40101 SET @saved_cs_client     = @@character_set_client */;
 SET character_set_client = utf8mb4 ;
CREATE TABLE `sys_emp_pos` (
  `SysEmpId` bigint(20) NOT NULL COMMENT '员工Id',
  `SysPosId` bigint(20) NOT NULL COMMENT '职位Id',
  PRIMARY KEY (`SysEmpId`,`SysPosId`),
  KEY `IX_sys_emp_pos_SysPosId` (`SysPosId`)
) ENGINE=MyISAM DEFAULT CHARSET=utf8mb4 COLLATE=utf8mb4_0900_ai_ci COMMENT='员工职位表';
/*!40101 SET character_set_client = @saved_cs_client */;

--
-- Dumping data for table `sys_emp_pos`
--

LOCK TABLES `sys_emp_pos` WRITE;
/*!40000 ALTER TABLE `sys_emp_pos` DISABLE KEYS */;
INSERT INTO `sys_emp_pos` VALUES (142307070910551,142307070910547),(142307070910551,142307070910548),(142307070910552,142307070910549),(142307070910553,142307070910547),(142307070910554,142307070910551),(142307070910554,142307070910552),(142307070910555,142307070910551),(142307070910555,142307070910553),(142307070910557,142307070910555),(142307070910557,142307070910556),(142307070910558,142307070910557),(142307070910559,142307070910555);
/*!40000 ALTER TABLE `sys_emp_pos` ENABLE KEYS */;
UNLOCK TABLES;

--
-- Table structure for table `sys_file`
--

DROP TABLE IF EXISTS `sys_file`;
/*!40101 SET @saved_cs_client     = @@character_set_client */;
 SET character_set_client = utf8mb4 ;
CREATE TABLE `sys_file` (
  `Id` bigint(20) NOT NULL COMMENT 'Id主键',
  `FileLocation` int(11) NOT NULL COMMENT '文件存储位置',
  `FileBucket` varchar(100) CHARACTER SET utf8mb4 COLLATE utf8mb4_0900_ai_ci DEFAULT NULL COMMENT '文件仓库',
  `FileOriginName` varchar(100) CHARACTER SET utf8mb4 COLLATE utf8mb4_0900_ai_ci DEFAULT NULL COMMENT '文件名称',
  `FileSuffix` varchar(50) CHARACTER SET utf8mb4 COLLATE utf8mb4_0900_ai_ci DEFAULT NULL COMMENT '文件后缀',
  `FileSizeKb` varchar(10) CHARACTER SET utf8mb4 COLLATE utf8mb4_0900_ai_ci DEFAULT NULL COMMENT '文件大小kb',
  `FileSizeInfo` varchar(50) CHARACTER SET utf8mb4 COLLATE utf8mb4_0900_ai_ci DEFAULT NULL COMMENT '文件大小信息',
  `FileObjectName` varchar(100) CHARACTER SET utf8mb4 COLLATE utf8mb4_0900_ai_ci DEFAULT NULL COMMENT '存储到bucket的名称',
  `FilePath` varchar(100) CHARACTER SET utf8mb4 COLLATE utf8mb4_0900_ai_ci DEFAULT NULL COMMENT '存储路径',
  `CreatedTime` datetime(6) DEFAULT NULL COMMENT '创建时间',
  `UpdatedTime` datetime(6) DEFAULT NULL COMMENT '更新时间',
  `CreatedUserId` bigint(20) DEFAULT NULL COMMENT '创建者Id',
  `CreatedUserName` varchar(20) CHARACTER SET utf8mb4 COLLATE utf8mb4_0900_ai_ci DEFAULT NULL COMMENT '创建者名称',
  `UpdatedUserId` bigint(20) DEFAULT NULL COMMENT '修改者Id',
  `UpdatedUserName` varchar(20) CHARACTER SET utf8mb4 COLLATE utf8mb4_0900_ai_ci DEFAULT NULL COMMENT '修改者名称',
  `IsDeleted` tinyint(1) NOT NULL COMMENT '软删除标记',
  PRIMARY KEY (`Id`)
) ENGINE=MyISAM DEFAULT CHARSET=utf8mb4 COLLATE=utf8mb4_0900_ai_ci COMMENT='文件信息表';
/*!40101 SET character_set_client = @saved_cs_client */;

--
-- Dumping data for table `sys_file`
--

LOCK TABLES `sys_file` WRITE;
/*!40000 ALTER TABLE `sys_file` DISABLE KEYS */;
/*!40000 ALTER TABLE `sys_file` ENABLE KEYS */;
UNLOCK TABLES;

--
-- Table structure for table `sys_log_audit`
--

DROP TABLE IF EXISTS `sys_log_audit`;
/*!40101 SET @saved_cs_client     = @@character_set_client */;
 SET character_set_client = utf8mb4 ;
CREATE TABLE `sys_log_audit` (
  `Id` int(11) NOT NULL AUTO_INCREMENT,
  `TableName` varchar(50) CHARACTER SET utf8mb4 COLLATE utf8mb4_0900_ai_ci DEFAULT NULL COMMENT '表名',
  `ColumnName` varchar(50) CHARACTER SET utf8mb4 COLLATE utf8mb4_0900_ai_ci DEFAULT NULL COMMENT '列名',
  `NewValue` longtext CHARACTER SET utf8mb4 COLLATE utf8mb4_0900_ai_ci COMMENT '新值',
  `OldValue` longtext CHARACTER SET utf8mb4 COLLATE utf8mb4_0900_ai_ci COMMENT '旧值',
  `CreatedTime` datetime(6) DEFAULT NULL COMMENT '操作时间',
  `UserId` bigint(20) NOT NULL COMMENT '操作人Id',
  `UserName` varchar(20) CHARACTER SET utf8mb4 COLLATE utf8mb4_0900_ai_ci DEFAULT NULL COMMENT '操作人名称',
  `Operate` int(11) NOT NULL COMMENT '操作方式',
  `TenantId` char(36) CHARACTER SET ascii COLLATE ascii_general_ci DEFAULT NULL,
  PRIMARY KEY (`Id`)
) ENGINE=MyISAM DEFAULT CHARSET=utf8mb4 COLLATE=utf8mb4_0900_ai_ci COMMENT='审计日志表';
/*!40101 SET character_set_client = @saved_cs_client */;

--
-- Dumping data for table `sys_log_audit`
--

LOCK TABLES `sys_log_audit` WRITE;
/*!40000 ALTER TABLE `sys_log_audit` DISABLE KEYS */;
/*!40000 ALTER TABLE `sys_log_audit` ENABLE KEYS */;
UNLOCK TABLES;

--
-- Table structure for table `sys_log_ex`
--

DROP TABLE IF EXISTS `sys_log_ex`;
/*!40101 SET @saved_cs_client     = @@character_set_client */;
 SET character_set_client = utf8mb4 ;
CREATE TABLE `sys_log_ex` (
  `Id` int(11) NOT NULL AUTO_INCREMENT,
  `Account` varchar(20) CHARACTER SET utf8mb4 COLLATE utf8mb4_0900_ai_ci DEFAULT NULL COMMENT '操作人',
  `Name` varchar(100) CHARACTER SET utf8mb4 COLLATE utf8mb4_0900_ai_ci DEFAULT NULL COMMENT '名称',
  `ClassName` varchar(100) CHARACTER SET utf8mb4 COLLATE utf8mb4_0900_ai_ci DEFAULT NULL COMMENT '类名',
  `MethodName` varchar(100) CHARACTER SET utf8mb4 COLLATE utf8mb4_0900_ai_ci DEFAULT NULL COMMENT '方法名',
  `ExceptionName` longtext CHARACTER SET utf8mb4 COLLATE utf8mb4_0900_ai_ci COMMENT '异常名称',
  `ExceptionMsg` longtext CHARACTER SET utf8mb4 COLLATE utf8mb4_0900_ai_ci COMMENT '异常信息',
  `ExceptionSource` longtext CHARACTER SET utf8mb4 COLLATE utf8mb4_0900_ai_ci COMMENT '异常源',
  `StackTrace` longtext CHARACTER SET utf8mb4 COLLATE utf8mb4_0900_ai_ci COMMENT '堆栈信息',
  `ParamsObj` longtext CHARACTER SET utf8mb4 COLLATE utf8mb4_0900_ai_ci COMMENT '参数对象',
  `ExceptionTime` datetime(6) DEFAULT NULL COMMENT '异常时间',
  `TenantId` char(36) CHARACTER SET ascii COLLATE ascii_general_ci DEFAULT NULL,
  PRIMARY KEY (`Id`)
) ENGINE=MyISAM AUTO_INCREMENT=28 DEFAULT CHARSET=utf8mb4 COLLATE=utf8mb4_0900_ai_ci COMMENT='异常日志表';
/*!40101 SET character_set_client = @saved_cs_client */;

--
-- Dumping data for table `sys_log_ex`
--

LOCK TABLES `sys_log_ex` WRITE;
/*!40000 ALTER TABLE `sys_log_ex` DISABLE KEYS */;
/*!40000 ALTER TABLE `sys_log_ex` ENABLE KEYS */;
UNLOCK TABLES;

--
-- Table structure for table `sys_log_op`
--

DROP TABLE IF EXISTS `sys_log_op`;
/*!40101 SET @saved_cs_client     = @@character_set_client */;
 SET character_set_client = utf8mb4 ;
CREATE TABLE `sys_log_op` (
  `Id` int(11) NOT NULL AUTO_INCREMENT,
  `Name` varchar(100) CHARACTER SET utf8mb4 COLLATE utf8mb4_0900_ai_ci DEFAULT NULL COMMENT '名称',
  `Success` int(11) NOT NULL COMMENT '是否执行成功',
  `Message` longtext CHARACTER SET utf8mb4 COLLATE utf8mb4_0900_ai_ci COMMENT '具体消息',
  `Ip` varchar(20) CHARACTER SET utf8mb4 COLLATE utf8mb4_0900_ai_ci DEFAULT NULL COMMENT 'IP',
  `Location` varchar(500) CHARACTER SET utf8mb4 COLLATE utf8mb4_0900_ai_ci DEFAULT NULL COMMENT '地址',
  `Browser` varchar(100) CHARACTER SET utf8mb4 COLLATE utf8mb4_0900_ai_ci DEFAULT NULL COMMENT '浏览器',
  `Os` varchar(100) CHARACTER SET utf8mb4 COLLATE utf8mb4_0900_ai_ci DEFAULT NULL COMMENT '操作系统',
  `Url` varchar(100) CHARACTER SET utf8mb4 COLLATE utf8mb4_0900_ai_ci DEFAULT NULL COMMENT '请求地址',
  `ClassName` varchar(100) CHARACTER SET utf8mb4 COLLATE utf8mb4_0900_ai_ci DEFAULT NULL COMMENT '类名称',
  `MethodName` varchar(100) CHARACTER SET utf8mb4 COLLATE utf8mb4_0900_ai_ci DEFAULT NULL COMMENT '方法名称',
  `ReqMethod` varchar(10) CHARACTER SET utf8mb4 COLLATE utf8mb4_0900_ai_ci DEFAULT NULL COMMENT '请求方式',
  `Param` longtext CHARACTER SET utf8mb4 COLLATE utf8mb4_0900_ai_ci COMMENT '请求参数',
  `Result` longtext CHARACTER SET utf8mb4 COLLATE utf8mb4_0900_ai_ci COMMENT '返回结果',
  `ElapsedTime` bigint(20) NOT NULL COMMENT '耗时',
  `OpTime` datetime(6) DEFAULT NULL COMMENT '操作时间',
  `Account` varchar(20) CHARACTER SET utf8mb4 COLLATE utf8mb4_0900_ai_ci DEFAULT NULL COMMENT '操作人',
  `TenantId` char(36) CHARACTER SET ascii COLLATE ascii_general_ci DEFAULT NULL,
  PRIMARY KEY (`Id`)
) ENGINE=MyISAM AUTO_INCREMENT=1436 DEFAULT CHARSET=utf8mb4 COLLATE=utf8mb4_0900_ai_ci COMMENT='操作日志表';
/*!40101 SET character_set_client = @saved_cs_client */;

--
-- Dumping data for table `sys_log_op`
--

LOCK TABLES `sys_log_op` WRITE;
/*!40000 ALTER TABLE `sys_log_op` DISABLE KEYS */;
/*!40000 ALTER TABLE `sys_log_op` ENABLE KEYS */;
UNLOCK TABLES;

--
-- Table structure for table `sys_log_vis`
--

DROP TABLE IF EXISTS `sys_log_vis`;
/*!40101 SET @saved_cs_client     = @@character_set_client */;
 SET character_set_client = utf8mb4 ;
CREATE TABLE `sys_log_vis` (
  `Id` int(11) NOT NULL AUTO_INCREMENT,
  `Name` varchar(100) CHARACTER SET utf8mb4 COLLATE utf8mb4_0900_ai_ci DEFAULT NULL COMMENT '名称',
  `Success` int(11) NOT NULL COMMENT '是否执行成功',
  `Message` longtext CHARACTER SET utf8mb4 COLLATE utf8mb4_0900_ai_ci COMMENT '具体消息',
  `Ip` varchar(20) CHARACTER SET utf8mb4 COLLATE utf8mb4_0900_ai_ci DEFAULT NULL COMMENT 'IP',
  `Location` varchar(100) CHARACTER SET utf8mb4 COLLATE utf8mb4_0900_ai_ci DEFAULT NULL COMMENT '地址',
  `Browser` varchar(100) CHARACTER SET utf8mb4 COLLATE utf8mb4_0900_ai_ci DEFAULT NULL COMMENT '浏览器',
  `Os` varchar(100) CHARACTER SET utf8mb4 COLLATE utf8mb4_0900_ai_ci DEFAULT NULL COMMENT '操作系统',
  `VisType` int(11) NOT NULL COMMENT '访问类型',
  `VisTime` datetime(6) DEFAULT NULL COMMENT '访问时间',
  `Account` varchar(20) CHARACTER SET utf8mb4 COLLATE utf8mb4_0900_ai_ci DEFAULT NULL COMMENT '访问人',
  `TenantId` char(36) CHARACTER SET ascii COLLATE ascii_general_ci DEFAULT NULL,
  PRIMARY KEY (`Id`)
) ENGINE=MyISAM AUTO_INCREMENT=257 DEFAULT CHARSET=utf8mb4 COLLATE=utf8mb4_0900_ai_ci COMMENT='访问日志表';
/*!40101 SET character_set_client = @saved_cs_client */;

--
-- Dumping data for table `sys_log_vis`
--

LOCK TABLES `sys_log_vis` WRITE;
/*!40000 ALTER TABLE `sys_log_vis` DISABLE KEYS */;
/*!40000 ALTER TABLE `sys_log_vis` ENABLE KEYS */;
UNLOCK TABLES;

--
-- Table structure for table `sys_menu`
--

DROP TABLE IF EXISTS `sys_menu`;
/*!40101 SET @saved_cs_client     = @@character_set_client */;
 SET character_set_client = utf8mb4 ;
CREATE TABLE `sys_menu` (
  `Id` bigint(20) NOT NULL COMMENT 'Id主键',
  `Pid` bigint(20) NOT NULL COMMENT '父Id',
  `Pids` longtext CHARACTER SET utf8mb4 COLLATE utf8mb4_0900_ai_ci COMMENT '父Ids',
  `Name` varchar(20) CHARACTER SET utf8mb4 COLLATE utf8mb4_0900_ai_ci NOT NULL COMMENT '名称',
  `Code` varchar(50) CHARACTER SET utf8mb4 COLLATE utf8mb4_0900_ai_ci NOT NULL COMMENT '编码',
  `Type` int(11) NOT NULL COMMENT '菜单类型',
  `Icon` varchar(20) CHARACTER SET utf8mb4 COLLATE utf8mb4_0900_ai_ci DEFAULT NULL COMMENT '图标',
  `Router` varchar(100) CHARACTER SET utf8mb4 COLLATE utf8mb4_0900_ai_ci DEFAULT NULL COMMENT '路由地址',
  `Component` varchar(100) CHARACTER SET utf8mb4 COLLATE utf8mb4_0900_ai_ci DEFAULT NULL COMMENT '组件地址',
  `Permission` varchar(100) CHARACTER SET utf8mb4 COLLATE utf8mb4_0900_ai_ci DEFAULT NULL COMMENT '权限标识',
  `Application` varchar(50) CHARACTER SET utf8mb4 COLLATE utf8mb4_0900_ai_ci DEFAULT NULL COMMENT '应用分类',
  `OpenType` int(11) NOT NULL COMMENT '打开方式',
  `Visible` varchar(5) CHARACTER SET utf8mb4 COLLATE utf8mb4_0900_ai_ci DEFAULT NULL COMMENT '是否可见',
  `Link` varchar(100) CHARACTER SET utf8mb4 COLLATE utf8mb4_0900_ai_ci DEFAULT NULL COMMENT '内链地址',
  `Redirect` varchar(100) CHARACTER SET utf8mb4 COLLATE utf8mb4_0900_ai_ci DEFAULT NULL COMMENT '重定向地址',
  `Weight` int(11) NOT NULL COMMENT '权重',
  `Sort` int(11) NOT NULL COMMENT '排序',
  `Remark` varchar(100) CHARACTER SET utf8mb4 COLLATE utf8mb4_0900_ai_ci DEFAULT NULL COMMENT '备注',
  `Status` int(11) NOT NULL,
  `CreatedTime` datetime(6) DEFAULT NULL COMMENT '创建时间',
  `UpdatedTime` datetime(6) DEFAULT NULL COMMENT '更新时间',
  `CreatedUserId` bigint(20) DEFAULT NULL COMMENT '创建者Id',
  `CreatedUserName` varchar(20) CHARACTER SET utf8mb4 COLLATE utf8mb4_0900_ai_ci DEFAULT NULL COMMENT '创建者名称',
  `UpdatedUserId` bigint(20) DEFAULT NULL COMMENT '修改者Id',
  `UpdatedUserName` varchar(20) CHARACTER SET utf8mb4 COLLATE utf8mb4_0900_ai_ci DEFAULT NULL COMMENT '修改者名称',
  `IsDeleted` tinyint(1) NOT NULL COMMENT '软删除标记',
  PRIMARY KEY (`Id`)
) ENGINE=MyISAM DEFAULT CHARSET=utf8mb4 COLLATE=utf8mb4_0900_ai_ci COMMENT='菜单表';
/*!40101 SET character_set_client = @saved_cs_client */;

--
-- Dumping data for table `sys_menu`
--

LOCK TABLES `sys_menu` WRITE;
/*!40000 ALTER TABLE `sys_menu` DISABLE KEYS */;
INSERT INTO `sys_menu` VALUES (142307070911740,142307070911739,'[0],[142307070918732],[142307070911739],','异常日志查询','sys_log_mgr_ex_log_page',2,NULL,NULL,NULL,'sysExLog:page','manage',0,'Y',NULL,NULL,1,100,NULL,0,NULL,NULL,NULL,NULL,NULL,NULL,0),(142307070911741,142307070911739,'[0],[142307070918732],[142307070911739],','异常日志清空','sys_log_mgr_ex_log_delete',2,NULL,NULL,NULL,'sysExLog:delete','manage',0,'Y',NULL,NULL,1,100,NULL,0,NULL,NULL,NULL,NULL,NULL,NULL,0),(142307070918739,0,'[0],','系统监控','sys_monitor_mgr',0,'deployment-unit','/monitor','PageView',NULL,'system',0,'Y',NULL,NULL,1,100,NULL,0,NULL,NULL,NULL,NULL,NULL,NULL,0),(142307070918740,142307070918739,'[0],[142307070918739],','服务监控','sys_monitor_mgr_machine_monitor',1,NULL,'/machine','system/machine/index',NULL,'system',1,'Y',NULL,NULL,1,100,NULL,0,NULL,NULL,NULL,NULL,NULL,NULL,0),(142307070918741,142307070918740,'[0],[142307070918739],[142307070918740],','服务监控查询','sys_monitor_mgr_machine_monitor_query',2,NULL,NULL,NULL,'sysMachine:query','system',0,'Y',NULL,NULL,1,100,NULL,0,NULL,NULL,NULL,NULL,NULL,NULL,0),(142307070918742,142307070918739,'[0],[142307070918739],','在线用户','sys_monitor_mgr_online_user',1,NULL,'/onlineUser','system/onlineUser/index',NULL,'system',1,'Y',NULL,NULL,1,100,NULL,0,NULL,NULL,NULL,NULL,NULL,NULL,0),(142307070918743,142307070918742,'[0],[142307070918739],[142307070918742],','在线用户列表','sys_monitor_mgr_online_user_list',2,NULL,NULL,NULL,'sysOnlineUser:list','system',0,'Y',NULL,NULL,1,100,NULL,0,NULL,NULL,NULL,NULL,NULL,NULL,0),(142307070918752,142307070918747,'[0],[142307070918746],[142307070918747],','公告查看','sys_notice_mgr_detail',2,NULL,NULL,NULL,'sysNotice:detail','manage',0,'Y',NULL,NULL,1,100,NULL,0,NULL,NULL,NULL,NULL,NULL,NULL,0),(142307070918745,142307070918739,'[0],[142307070918739],','数据监控','sys_monitor_mgr_druid',1,NULL,'/druid','Iframe',NULL,'system',2,'N','http://localhost:82/druid/login.html',NULL,1,100,NULL,0,NULL,NULL,NULL,NULL,NULL,NULL,0),(142307070918746,0,'[0],','通知公告','sys_notice',0,'sound','/notice','PageView',NULL,'manage',0,'Y',NULL,NULL,1,100,NULL,0,NULL,NULL,NULL,NULL,NULL,NULL,0),(142307070918747,142307070918746,'[0],[142307070918746],','公告管理','sys_notice_mgr',1,NULL,'/notice','system/notice/index',NULL,'manage',1,'Y',NULL,NULL,1,100,NULL,0,NULL,NULL,NULL,NULL,NULL,NULL,0),(142307070918748,142307070918747,'[0],[142307070918746],[142307070918747],','公告查询','sys_notice_mgr_page',2,NULL,NULL,NULL,'sysNotice:page','manage',0,'Y',NULL,NULL,1,100,NULL,0,NULL,NULL,NULL,NULL,NULL,NULL,0),(142307070918749,142307070918747,'[0],[142307070918746],[142307070918747],','公告增加','sys_notice_mgr_add',2,NULL,NULL,NULL,'sysNotice:add','manage',0,'Y',NULL,NULL,1,100,NULL,0,NULL,NULL,NULL,NULL,NULL,NULL,0),(142307070918750,142307070918747,'[0],[142307070918746],[142307070918747],','公告编辑','sys_notice_mgr_edit',2,NULL,NULL,NULL,'sysNotice:edit','manage',0,'Y',NULL,NULL,1,100,NULL,0,NULL,NULL,NULL,NULL,NULL,NULL,0),(142307070918751,142307070918747,'[0],[142307070918746],[142307070918747],','公告删除','sys_notice_mgr_delete',2,NULL,NULL,NULL,'sysNotice:delete','manage',0,'Y',NULL,NULL,1,100,NULL,0,NULL,NULL,NULL,NULL,NULL,NULL,0),(142307070911739,142307070918732,'[0],[142307070918732],','异常日志','sys_log_mgr_ex_log',1,NULL,'/exlog','system/log/exlog/index',NULL,'manage',1,'Y',NULL,NULL,1,100,NULL,0,NULL,NULL,NULL,NULL,NULL,NULL,0),(142307070918744,142307070918742,'[0],[142307070918739],[142307070918742],','在线用户强退','sys_monitor_mgr_online_user_force_exist',2,NULL,NULL,NULL,'sysOnlineUser:forceExist','system',0,'Y',NULL,NULL,1,100,NULL,0,NULL,NULL,NULL,NULL,NULL,NULL,0),(142307070918738,142307070918736,'[0],[142307070918732],[142307070918736],','操作日志清空','sys_log_mgr_op_log_delete',2,NULL,NULL,NULL,'sysOpLog:delete','manage',0,'Y',NULL,NULL,1,100,NULL,0,NULL,NULL,NULL,NULL,NULL,NULL,0),(142307070918727,142307070914678,'[0],[142307070914662],[142307070914678],','字典值删除','sys_dict_mgr_dict_delete',2,NULL,NULL,NULL,'sysDictData:delete','system',0,'Y',NULL,NULL,1,100,NULL,0,NULL,NULL,NULL,NULL,NULL,NULL,0),(142307070918736,142307070918732,'[0],[142307070918732],','操作日志','sys_log_mgr_op_log',1,NULL,'/oplog','system/log/oplog/index',NULL,'manage',1,'Y',NULL,NULL,1,100,NULL,0,NULL,NULL,NULL,NULL,NULL,NULL,0),(142307070918753,142307070918747,'[0],[142307070918746],[142307070918747],','公告修改状态','sys_notice_mgr_changeStatus',2,NULL,NULL,NULL,'sysNotice:changeStatus','manage',0,'Y',NULL,NULL,1,100,NULL,0,NULL,NULL,NULL,NULL,NULL,NULL,0),(142307070914682,142307070914678,'[0],[142307070914662],[142307070914678],','字典类型删除','sys_dict_mgr_dict_type_delete',2,NULL,NULL,NULL,'sysDictType:delete','system',0,'Y',NULL,NULL,1,100,NULL,0,NULL,NULL,NULL,NULL,NULL,NULL,0),(142307070914683,142307070914678,'[0],[142307070914662],[142307070914678],','字典类型编辑','sys_dict_mgr_dict_type_edit',2,NULL,NULL,NULL,'sysDictType:edit','system',0,'Y',NULL,NULL,1,100,NULL,0,NULL,NULL,NULL,NULL,NULL,NULL,0),(142307070914684,142307070914678,'[0],[142307070914662],[142307070914678],','字典类型详情','sys_dict_mgr_dict_type_detail',2,NULL,NULL,NULL,'sysDictType:detail','system',0,'Y',NULL,NULL,1,100,NULL,0,NULL,NULL,NULL,NULL,NULL,NULL,0),(142307070914685,142307070914678,'[0],[142307070914662],[142307070914678],','字典类型下拉','sys_dict_mgr_dict_type_drop_down',2,NULL,NULL,NULL,'sysDictType:dropDown','system',0,'Y',NULL,NULL,1,100,NULL,0,NULL,NULL,NULL,NULL,NULL,NULL,0),(142307070914686,142307070914678,'[0],[142307070914662],[142307070914678],','字典类型修改状态','sys_dict_mgr_dict_type_change_status',2,NULL,NULL,NULL,'sysDictType:changeStatus','system',0,'Y',NULL,NULL,1,100,NULL,0,NULL,NULL,NULL,NULL,NULL,NULL,0),(142307070914687,142307070914678,'[0],[142307070914662],[142307070914678],','字典值查询','sys_dict_mgr_dict_page',2,NULL,NULL,NULL,'sysDictData:page','system',0,'Y',NULL,NULL,1,100,NULL,0,NULL,NULL,NULL,NULL,NULL,NULL,0),(142307070918725,142307070914678,'[0],[142307070914662],[142307070914678],','字典值列表','sys_dict_mgr_dict_list',2,NULL,NULL,NULL,'sysDictData:list','system',0,'Y',NULL,NULL,1,100,NULL,0,NULL,NULL,NULL,NULL,NULL,NULL,0),(142307070918726,142307070914678,'[0],[142307070914662],[142307070914678],','字典值增加','sys_dict_mgr_dict_add',2,NULL,NULL,NULL,'sysDictData:add','system',0,'Y',NULL,NULL,1,100,NULL,0,NULL,NULL,NULL,NULL,NULL,NULL,0),(142307070918728,142307070914678,'[0],[142307070914662],[142307070914678],','字典值编辑','sys_dict_mgr_dict_edit',2,NULL,NULL,NULL,'sysDictData:edit','system',0,'Y',NULL,NULL,1,100,NULL,0,NULL,NULL,NULL,NULL,NULL,NULL,0),(142307070918729,142307070914678,'[0],[142307070914662],[142307070914678],','字典值详情','sys_dict_mgr_dict_detail',2,NULL,NULL,NULL,'sysDictData:detail','system',0,'Y',NULL,NULL,1,100,NULL,0,NULL,NULL,NULL,NULL,NULL,NULL,0),(142307070918730,142307070914678,'[0],[142307070914662],[142307070914678],','字典值修改状态','sys_dict_mgr_dict_change_status',2,NULL,NULL,NULL,'sysDictData:changeStatus','system',0,'Y',NULL,NULL,1,100,NULL,0,NULL,NULL,NULL,NULL,NULL,NULL,0),(142307070918731,142307070914662,'[0],[142307070914662],','接口文档','sys_swagger_mgr',1,NULL,'/swagger','Iframe',NULL,'system',2,'Y','http://localhost:5566/',NULL,1,100,NULL,0,NULL,NULL,NULL,NULL,NULL,NULL,0),(142307070918732,0,'[0],','日志管理','sys_log_mgr',0,'read','/log','PageView',NULL,'manage',0,'Y',NULL,NULL,1,100,NULL,0,NULL,NULL,NULL,NULL,NULL,NULL,0),(142307070918733,142307070918732,'[0],[142307070918732],','访问日志','sys_log_mgr_vis_log',1,NULL,'/vislog','system/log/vislog/index',NULL,'manage',1,'Y',NULL,NULL,1,100,NULL,0,NULL,NULL,NULL,NULL,NULL,NULL,0),(142307070918734,142307070918733,'[0],[142307070918732],[142307070918733],','访问日志查询','sys_log_mgr_vis_log_page',2,NULL,NULL,NULL,'sysVisLog:page','manage',0,'Y',NULL,NULL,1,100,NULL,0,NULL,NULL,NULL,NULL,NULL,NULL,0),(142307070918735,142307070918733,'[0],[142307070918732],[142307070918733],','访问日志清空','sys_log_mgr_vis_log_delete',2,NULL,NULL,NULL,'sysVisLog:delete','manage',0,'Y',NULL,NULL,1,100,NULL,0,NULL,NULL,NULL,NULL,NULL,NULL,0),(142307070918737,142307070918736,'[0],[142307070918732],[142307070918736],','操作日志查询','sys_log_mgr_op_log_page',2,NULL,NULL,NULL,'sysOpLog:page','manage',0,'Y',NULL,NULL,1,100,NULL,0,NULL,NULL,NULL,NULL,NULL,NULL,0),(142307070918754,142307070918746,'[0],[142307070918746],','已收公告','sys_notice_mgr_received',1,NULL,'/noticeReceived','system/noticeReceived/index',NULL,'manage',1,'Y',NULL,NULL,1,100,NULL,0,NULL,NULL,NULL,NULL,NULL,NULL,0),(142307070922827,142307070918783,'[0],[142307070918782],[142307070918783],','重置租户密码','sys_tenant_mgr_reset_pwd',2,NULL,NULL,NULL,'sysTenant:resetPwd','platform',0,'Y',NULL,NULL,1,100,NULL,0,NULL,NULL,NULL,NULL,NULL,NULL,0),(142307070918756,0,'[0],','文件管理','sys_file_mgr',0,'file','/file','PageView',NULL,'manage',0,'Y',NULL,NULL,1,100,NULL,0,NULL,NULL,NULL,NULL,NULL,NULL,0),(142307070918775,142307070918766,'[0],[142307070918765],[142307070918766],','定时任务关闭','sys_timers_mgr_stop',2,NULL,NULL,NULL,'sysTimers:stop','system',0,'Y',NULL,NULL,1,100,NULL,0,NULL,NULL,NULL,NULL,NULL,NULL,0),(142307070918776,0,'[0],','代码生成','code_gen',1,'thunderbolt','/codeGenerate/index','gen/codeGenerate/index',NULL,'system',0,'Y',NULL,NULL,1,100,NULL,0,NULL,NULL,NULL,NULL,NULL,NULL,0),(142307070922870,0,'[0],','表单设计','form_design',1,'robot','/formDesign/index','system/formDesign/index',NULL,'system',0,'Y',NULL,NULL,1,100,NULL,0,NULL,NULL,NULL,NULL,NULL,NULL,0),(142307070918782,0,'[0],','SaaS租户','sys_tenant',1,'switcher','/tenant','PageView',NULL,'platform',0,'Y',NULL,NULL,1,100,NULL,0,NULL,NULL,NULL,NULL,NULL,NULL,0),(142307070918783,142307070918782,'[0],[142307070918782],','租户管理','sys_tenant_mgr',1,NULL,'/tenant','system/tenant/index',NULL,'platform',1,'Y',NULL,NULL,1,100,NULL,0,NULL,NULL,NULL,NULL,NULL,NULL,0),(142307070922821,142307070918783,'[0],[142307070918782],[142307070918783],','租户查询','sys_tenant_mgr_page',2,NULL,NULL,NULL,'sysTenant:page','platform',0,'Y',NULL,NULL,1,100,NULL,0,NULL,NULL,NULL,NULL,NULL,NULL,0),(142307070922822,142307070918783,'[0],[142307070918782],[142307070918783],','租户详情','sys_tenant_mgr_detail',2,NULL,NULL,NULL,'sysTenant:detail','platform',0,'Y',NULL,NULL,1,100,NULL,0,NULL,NULL,NULL,NULL,NULL,NULL,0),(142307070922823,142307070918783,'[0],[142307070918782],[142307070918783],','租户增加','sys_tenant_mgr_add',2,NULL,NULL,NULL,'sysTenant:add','platform',0,'Y',NULL,NULL,1,100,NULL,0,NULL,NULL,NULL,NULL,NULL,NULL,0),(142307070922824,142307070918783,'[0],[142307070918782],[142307070918783],','租户删除','sys_tenant_mgr_delete',2,NULL,NULL,NULL,'sysTenant:delete','platform',0,'Y',NULL,NULL,1,100,NULL,0,NULL,NULL,NULL,NULL,NULL,NULL,0),(142307070922825,142307070918783,'[0],[142307070918782],[142307070918783],','租户编辑','sys_tenant_mgr_edit',2,NULL,NULL,NULL,'sysTenant:edit','platform',0,'Y',NULL,NULL,1,100,NULL,0,NULL,NULL,NULL,NULL,NULL,NULL,0),(142307070922826,142307070918783,'[0],[142307070918782],[142307070918783],','授权租户菜单','sys_tenant_mgr_grant_menu',2,NULL,NULL,NULL,'sysTenant:grantMenu','platform',0,'Y',NULL,NULL,1,100,NULL,0,NULL,NULL,NULL,NULL,NULL,NULL,0),(142307070914681,142307070914678,'[0],[142307070914662],[142307070914678],','字典类型增加','sys_dict_mgr_dict_type_add',2,NULL,NULL,NULL,'sysDictType:add','system',0,'Y',NULL,NULL,1,100,NULL,0,NULL,NULL,NULL,NULL,NULL,NULL,0),(142307070910560,0,'[0],','主控面板','system_index',0,'home','/','RouteView',NULL,'busiapp',0,'N',NULL,'/analysis',2,1,NULL,0,NULL,'2021-07-11 09:33:12.214676',NULL,NULL,142307070910551,'superAdmin',0),(142307070910561,142307070910560,'[0],[142307070910560],','分析页','system_index_dashboard',1,NULL,'analysis','system/dashboard/Analysis',NULL,'busiapp',0,'Y',NULL,NULL,2,100,NULL,0,NULL,NULL,NULL,NULL,NULL,NULL,0),(142307070910562,142307070910560,'[0],[142307070910560],','工作台','system_index_workplace',1,NULL,'workplace','system/dashboard/Workplace',NULL,'busiapp',0,'Y',NULL,NULL,2,100,NULL,0,NULL,NULL,NULL,NULL,NULL,NULL,0),(142307070922877,0,'[0],','大屏监控','main_screen_monitor',1,'desktop','/monitor','main/screenMonitor/index',NULL,'busiapp',0,'N',NULL,NULL,2,100,NULL,0,NULL,'2021-07-11 09:32:37.364076',NULL,NULL,142307070910551,'superAdmin',0),(142307070922878,0,'[0],','地理信息','main_map',1,'global','/map','main/map/index',NULL,'busiapp',0,'N',NULL,NULL,2,100,NULL,0,NULL,'2021-07-11 09:32:42.127745',NULL,NULL,142307070910551,'superAdmin',0),(142307070918774,142307070918766,'[0],[142307070918765],[142307070918766],','定时任务启动','sys_timers_mgr_start',2,NULL,NULL,NULL,'sysTimers:start','system',0,'Y',NULL,NULL,1,100,NULL,0,NULL,NULL,NULL,NULL,NULL,NULL,0),(142307070918755,142307070918754,'[0],[142307070918746],[142307070918754],','已收公告查询','sys_notice_mgr_received_page',2,NULL,NULL,NULL,'sysNotice:received','manage',0,'Y',NULL,NULL,1,100,NULL,0,NULL,NULL,NULL,NULL,NULL,NULL,0),(142307070918773,142307070918766,'[0],[142307070918765],[142307070918766],','定时任务可执行列表','sys_timers_mgr_get_action_classes',2,NULL,NULL,NULL,'sysTimers:getActionClasses','system',0,'Y',NULL,NULL,1,100,NULL,0,NULL,NULL,NULL,NULL,NULL,NULL,0),(142307070918771,142307070918766,'[0],[142307070918765],[142307070918766],','定时任务删除','sys_timers_mgr_delete',2,NULL,NULL,NULL,'sysTimers:delete','system',0,'Y',NULL,NULL,1,100,NULL,0,NULL,NULL,NULL,NULL,NULL,NULL,0),(142307070918757,142307070918756,'[0],[142307070918756],','系统文件','sys_file_mgr_sys_file',1,NULL,'/file','system/file/index',NULL,'manage',1,'Y',NULL,NULL,1,100,NULL,0,NULL,NULL,NULL,NULL,NULL,NULL,0),(142307070918758,142307070918757,'[0],[142307070918756],[142307070918757],','文件查询','sys_file_mgr_sys_file_page',2,NULL,NULL,NULL,'sysFileInfo:page','manage',0,'Y',NULL,NULL,1,100,NULL,0,NULL,NULL,NULL,NULL,NULL,NULL,0),(142307070918759,142307070918757,'[0],[142307070918756],[142307070918757],','文件列表','sys_file_mgr_sys_file_list',2,NULL,NULL,NULL,'sysFileInfo:list','manage',0,'Y',NULL,NULL,1,100,NULL,0,NULL,NULL,NULL,NULL,NULL,NULL,0),(142307070918760,142307070918757,'[0],[142307070918756],[142307070918757],','文件删除','sys_file_mgr_sys_file_delete',2,NULL,NULL,NULL,'sysFileInfo:delete','manage',0,'Y',NULL,NULL,1,100,NULL,0,NULL,NULL,NULL,NULL,NULL,NULL,0),(142307070918761,142307070918757,'[0],[142307070918756],[142307070918757],','文件详情','sys_file_mgr_sys_file_detail',2,NULL,NULL,NULL,'sysFileInfo:detail','manage',0,'Y',NULL,NULL,1,100,NULL,0,NULL,NULL,NULL,NULL,NULL,NULL,0),(142307070918762,142307070918757,'[0],[142307070918756],[142307070918757],','文件上传','sys_file_mgr_sys_file_upload',2,NULL,NULL,NULL,'sysFileInfo:upload','manage',0,'Y',NULL,NULL,1,100,NULL,0,NULL,NULL,NULL,NULL,NULL,NULL,0),(142307070918763,142307070918757,'[0],[142307070918756],[142307070918757],','文件下载','sys_file_mgr_sys_file_download',2,NULL,NULL,NULL,'sysFileInfo:download','manage',0,'Y',NULL,NULL,1,100,NULL,0,NULL,NULL,NULL,NULL,NULL,NULL,0),(142307070918764,142307070918757,'[0],[142307070918756],[142307070918757],','图片预览','sys_file_mgr_sys_file_preview',2,NULL,NULL,NULL,'sysFileInfo:preview','manage',0,'Y',NULL,NULL,1,100,NULL,0,NULL,NULL,NULL,NULL,NULL,NULL,0),(142307070922874,142307070918757,'[0],[142307070918756],[142307070918757],','头像上传','sys_file_mgr_sys_file_upload_avatar',2,NULL,NULL,NULL,'sysFileInfo:uploadAvatar','manage',0,'Y',NULL,NULL,1,100,NULL,0,NULL,NULL,NULL,NULL,NULL,NULL,0),(142307070922875,142307070918757,'[0],[142307070918756],[142307070918757],','文档上传','sys_file_mgr_sys_file_upload_document',2,NULL,NULL,NULL,'sysFileInfo:uploadDocument','manage',0,'Y',NULL,NULL,1,100,NULL,0,NULL,NULL,NULL,NULL,NULL,NULL,0),(142307070922876,142307070918757,'[0],[142307070918756],[142307070918757],','商城上传','sys_file_mgr_sys_file_upload_shop',2,NULL,NULL,NULL,'sysFileInfo:uploadShop','manage',0,'Y',NULL,NULL,1,100,NULL,0,NULL,NULL,NULL,NULL,NULL,NULL,0),(142307070918765,0,'[0],','任务调度','sys_timers',0,'dashboard','/timers','PageView',NULL,'system',0,'Y',NULL,NULL,1,100,NULL,0,NULL,NULL,NULL,NULL,NULL,NULL,0),(142307070918766,142307070918765,'[0],[142307070918765],','任务管理','sys_timers_mgr',1,NULL,'/timers','system/timers/index',NULL,'system',1,'Y',NULL,NULL,1,100,NULL,0,NULL,NULL,NULL,NULL,NULL,NULL,0),(142307070918767,142307070918766,'[0],[142307070918765],[142307070918766],','定时任务查询','sys_timers_mgr_page',2,NULL,NULL,NULL,'sysTimers:page','system',0,'Y',NULL,NULL,1,100,NULL,0,NULL,NULL,NULL,NULL,NULL,NULL,0),(142307070918768,142307070918766,'[0],[142307070918765],[142307070918766],','定时任务列表','sys_timers_mgr_list',2,NULL,NULL,NULL,'sysTimers:list','system',0,'Y',NULL,NULL,1,100,NULL,0,NULL,NULL,NULL,NULL,NULL,NULL,0),(142307070918769,142307070918766,'[0],[142307070918765],[142307070918766],','定时任务详情','sys_timers_mgr_detail',2,NULL,NULL,NULL,'sysTimers:detail','system',0,'Y',NULL,NULL,1,100,NULL,0,NULL,NULL,NULL,NULL,NULL,NULL,0),(142307070918770,142307070918766,'[0],[142307070918765],[142307070918766],','定时任务增加','sys_timers_mgr_add',2,NULL,NULL,NULL,'sysTimers:add','system',0,'Y',NULL,NULL,1,100,NULL,0,NULL,NULL,NULL,NULL,NULL,NULL,0),(142307070918772,142307070918766,'[0],[142307070918765],[142307070918766],','定时任务编辑','sys_timers_mgr_edit',2,NULL,NULL,NULL,'sysTimers:edit','system',0,'Y',NULL,NULL,1,100,NULL,0,NULL,NULL,NULL,NULL,NULL,NULL,0),(142307070914680,142307070914678,'[0],[142307070914662],[142307070914678],','字典类型列表','sys_dict_mgr_dict_type_list',2,NULL,NULL,NULL,'sysDictType:list','system',0,'Y',NULL,NULL,1,100,NULL,0,NULL,NULL,NULL,NULL,NULL,NULL,0),(142307070914646,142307070914642,'[0],[142307070914633],[142307070914642],','菜单删除','sys_menu_mgr_delete',2,NULL,NULL,NULL,'sysMenu:delete','system',0,'Y',NULL,NULL,1,100,NULL,0,NULL,NULL,NULL,NULL,NULL,NULL,0),(142307070914678,142307070914662,'[0],[142307070914662],','字典管理','sys_dict_mgr',1,NULL,'/dict','system/dict/index',NULL,'system',1,'Y',NULL,NULL,1,100,NULL,0,NULL,NULL,NULL,NULL,NULL,NULL,0),(142307070910568,142307070910564,'[0],[142307070910563],[142307070910564],','用户删除','sys_user_mgr_delete',2,NULL,NULL,NULL,'sysUser:delete','manage',0,'Y',NULL,NULL,1,100,NULL,0,NULL,NULL,NULL,NULL,NULL,NULL,0),(142307070910569,142307070910564,'[0],[142307070910563],[142307070910564],','用户详情','sys_user_mgr_detail',2,NULL,NULL,NULL,'sysUser:detail','manage',0,'Y',NULL,NULL,1,100,NULL,0,NULL,NULL,NULL,NULL,NULL,NULL,0),(142307070910570,142307070910564,'[0],[142307070910563],[142307070910564],','用户导出','sys_user_mgr_export',2,NULL,NULL,NULL,'sysUser:export','manage',0,'Y',NULL,NULL,1,100,NULL,0,NULL,NULL,NULL,NULL,NULL,NULL,0),(142307070914679,142307070914678,'[0],[142307070914662],[142307070914678],','字典类型查询','sys_dict_mgr_dict_type_page',2,NULL,NULL,NULL,'sysDictType:page','system',0,'Y',NULL,NULL,1,100,NULL,0,NULL,NULL,NULL,NULL,NULL,NULL,0),(142307070910572,142307070910564,'[0],[142307070910563],[142307070910564],','用户授权角色','sys_user_mgr_grant_role',2,NULL,NULL,NULL,'sysUser:grantRole','manage',0,'Y',NULL,NULL,1,100,NULL,0,NULL,NULL,NULL,NULL,NULL,NULL,0),(142307070910573,142307070910564,'[0],[142307070910563],[142307070910564],','用户拥有角色','sys_user_mgr_own_role',2,NULL,NULL,NULL,'sysUser:ownRole','manage',0,'Y',NULL,NULL,1,100,NULL,0,NULL,NULL,NULL,NULL,NULL,NULL,0),(142307070910574,142307070910564,'[0],[142307070910563],[142307070910564],','用户授权数据','sys_user_mgr_grant_data',2,NULL,NULL,NULL,'sysUser:grantData','manage',0,'Y',NULL,NULL,1,100,NULL,0,NULL,NULL,NULL,NULL,NULL,NULL,0),(142307070910567,142307070910564,'[0],[142307070910563],[142307070910564],','用户增加','sys_user_mgr_add',2,NULL,NULL,NULL,'sysUser:add','manage',0,'Y',NULL,NULL,1,100,NULL,0,NULL,NULL,NULL,NULL,NULL,NULL,0),(142307070910575,142307070910564,'[0],[142307070910563],[142307070910564],','用户拥有数据','sys_user_mgr_own_data',2,NULL,NULL,NULL,'sysUser:ownData','manage',0,'Y',NULL,NULL,1,100,NULL,0,NULL,NULL,NULL,NULL,NULL,NULL,0),(142307070910577,142307070910564,'[0],[142307070910563],[142307070910564],','用户修改密码','sys_user_mgr_update_pwd',2,NULL,NULL,NULL,'sysUser:updatePwd','manage',0,'Y',NULL,NULL,1,100,NULL,0,NULL,NULL,NULL,NULL,NULL,NULL,0),(142307070910578,142307070910564,'[0],[142307070910563],[142307070910564],','用户修改状态','sys_user_mgr_change_status',2,NULL,NULL,NULL,'sysUser:changeStatus','manage',0,'Y',NULL,NULL,1,100,NULL,0,NULL,NULL,NULL,NULL,NULL,NULL,0),(142307070910579,142307070910564,'[0],[142307070910563],[142307070910564],','用户修改头像','sys_user_mgr_update_avatar',2,NULL,NULL,NULL,'sysUser:updateAvatar','manage',0,'Y',NULL,NULL,1,100,NULL,0,NULL,NULL,NULL,NULL,NULL,NULL,0),(142307070910580,142307070910564,'[0],[142307070910563],[142307070910564],','用户重置密码','sys_user_mgr_reset_pwd',2,NULL,NULL,NULL,'sysUser:resetPwd','manage',0,'Y',NULL,NULL,1,100,NULL,0,NULL,NULL,NULL,NULL,NULL,NULL,0),(142307070918777,142307070910564,'[0],[142307070910563],[142307070910564],','用户登录信息','sys_user_mgr_login',2,NULL,NULL,NULL,'getLoginUser','manage',0,'N',NULL,NULL,1,100,NULL,1,NULL,NULL,NULL,NULL,NULL,NULL,0),(142307070914651,142307070910563,'[0],[142307070910563],','角色管理','sys_role_mgr',1,NULL,'/role','system/role/index',NULL,'manage',1,'Y',NULL,NULL,1,100,NULL,0,NULL,NULL,NULL,NULL,NULL,NULL,0),(142307070914652,142307070914651,'[0],[142307070910563],[142307070914651],','角色查询','sys_role_mgr_page',2,NULL,NULL,NULL,'sysRole:page','manage',0,'Y',NULL,NULL,1,100,NULL,0,NULL,NULL,NULL,NULL,NULL,NULL,0),(142307070910576,142307070910564,'[0],[142307070910563],[142307070910564],','用户更新信息','sys_user_mgr_update_info',2,NULL,NULL,NULL,'sysUser:updateInfo','manage',0,'Y',NULL,NULL,1,100,NULL,0,NULL,NULL,NULL,NULL,NULL,NULL,0),(142307070910566,142307070910564,'[0],[142307070910563],[142307070910564],','用户编辑','sys_user_mgr_edit',2,NULL,NULL,NULL,'sysUser:edit','manage',0,'Y',NULL,NULL,1,100,NULL,0,NULL,NULL,NULL,NULL,NULL,NULL,0),(142307070910565,142307070910564,'[0],[142307070910563],[142307070910564],','用户查询','sys_user_mgr_page',2,NULL,NULL,NULL,'sysUser:page','manage',0,'Y',NULL,NULL,1,100,NULL,0,NULL,NULL,NULL,NULL,NULL,NULL,0),(142307070910564,142307070910563,'[0],[142307070910563],','用户管理','sys_user_mgr',1,NULL,'/mgr_user','system/user/index',NULL,'manage',1,'Y',NULL,NULL,1,100,NULL,0,NULL,NULL,NULL,NULL,NULL,NULL,0),(142307000914633,0,'[0],','组织架构','sys_mgr',0,'team','/sys','PageView',NULL,'manage',0,'Y',NULL,NULL,1,100,NULL,0,NULL,NULL,NULL,NULL,NULL,NULL,0),(142307070910581,142307000914633,'[0],[142307000914633],','机构管理','sys_org_mgr',1,NULL,'/org','system/org/index',NULL,'manage',1,'Y',NULL,NULL,1,100,NULL,0,NULL,NULL,NULL,NULL,NULL,NULL,0),(142307070910582,142307070910581,'[0],[142307000914633],[142307070910581],','机构查询','sys_org_mgr_page',2,NULL,NULL,NULL,'sysOrg:page','manage',0,'Y',NULL,NULL,1,100,NULL,0,NULL,NULL,NULL,NULL,NULL,NULL,0),(142307070910583,142307070910581,'[0],[142307000914633],[142307070910581],','机构列表','sys_org_mgr_list',2,NULL,NULL,NULL,'sysOrg:list','manage',0,'Y',NULL,NULL,1,100,NULL,0,NULL,NULL,NULL,NULL,NULL,NULL,0),(142307070910584,142307070910581,'[0],[142307000914633],[142307070910581],','机构增加','sys_org_mgr_add',2,NULL,NULL,NULL,'sysOrg:add','manage',0,'Y',NULL,NULL,1,100,NULL,0,NULL,NULL,NULL,NULL,NULL,NULL,0),(142307070910585,142307070910581,'[0],[142307000914633],[142307070910581],','机构编辑','sys_org_mgr_edit',2,NULL,NULL,NULL,'sysOrg:edit','manage',0,'Y',NULL,NULL,1,100,NULL,0,NULL,NULL,NULL,NULL,NULL,NULL,0),(142307070910586,142307070910581,'[0],[142307000914633],[142307070910581],','机构删除','sys_org_mgr_delete',2,NULL,NULL,NULL,'sysOrg:delete','manage',0,'Y',NULL,NULL,1,100,NULL,0,NULL,NULL,NULL,NULL,NULL,NULL,0),(142307070910587,142307070910581,'[0],[142307000914633],[142307070910581],','机构详情','sys_org_mgr_detail',2,NULL,NULL,NULL,'sysOrg:detail','manage',0,'Y',NULL,NULL,1,100,NULL,0,NULL,NULL,NULL,NULL,NULL,NULL,0),(142307070910588,142307070910581,'[0],[142307000914633],[142307070910581],','机构树','sys_org_mgr_tree',2,NULL,NULL,NULL,'sysOrg:tree','manage',0,'Y',NULL,NULL,1,100,NULL,0,NULL,NULL,NULL,NULL,NULL,NULL,0),(142307070910589,142307000914633,'[0],[142307000914633],','职位管理','sys_pos_mgr',1,NULL,'/pos','system/pos/index',NULL,'manage',1,'Y',NULL,NULL,1,100,NULL,0,NULL,NULL,NULL,NULL,NULL,NULL,0),(142307070910590,142307070910589,'[0],[142307000914633],[142307070910589],','职位查询','sys_pos_mgr_page',2,NULL,NULL,NULL,'sysPos:page','manage',0,'Y',NULL,NULL,1,100,NULL,0,NULL,NULL,NULL,NULL,NULL,NULL,0),(142307070910591,142307070910589,'[0],[142307000914633],[142307070910589],','职位列表','sys_pos_mgr_list',2,NULL,NULL,NULL,'sysPos:list','manage',0,'Y',NULL,NULL,1,100,NULL,0,NULL,NULL,NULL,NULL,NULL,NULL,0),(142307070914629,142307070910589,'[0],[142307000914633],[142307070910589],','职位增加','sys_pos_mgr_add',2,NULL,NULL,NULL,'sysPos:add','manage',0,'Y',NULL,NULL,1,100,NULL,0,NULL,NULL,NULL,NULL,NULL,NULL,0),(142307070914630,142307070910589,'[0],[142307000914633],[142307070910589],','职位编辑','sys_pos_mgr_edit',2,NULL,NULL,NULL,'sysPos:edit','manage',0,'Y',NULL,NULL,1,100,NULL,0,NULL,NULL,NULL,NULL,NULL,NULL,0),(142307070914631,142307070910589,'[0],[142307000914633],[142307070910589],','职位删除','sys_pos_mgr_delete',2,NULL,NULL,NULL,'sysPos:delete','manage',0,'Y',NULL,NULL,1,100,NULL,0,NULL,NULL,NULL,NULL,NULL,NULL,0),(142307070914632,142307070910589,'[0],[142307000914633],[142307070910589],','职位详情','sys_pos_mgr_detail',2,NULL,NULL,NULL,'sysPos:detail','manage',0,'Y',NULL,NULL,1,100,NULL,0,NULL,NULL,NULL,NULL,NULL,NULL,0),(142307070910563,0,'[0],','权限管理','auth_manager',0,'safety-certificate','/auth','PageView',NULL,'manage',0,'Y',NULL,NULL,1,100,NULL,0,NULL,NULL,NULL,NULL,NULL,NULL,0),(142307070914653,142307070914651,'[0],[142307070910563],[142307070914651],','角色增加','sys_role_mgr_add',2,NULL,NULL,NULL,'sysRole:add','manage',0,'Y',NULL,NULL,1,100,NULL,0,NULL,NULL,NULL,NULL,NULL,NULL,0),(142307070914654,142307070914651,'[0],[142307070910563],[142307070914651],','角色编辑','sys_role_mgr_edit',2,NULL,NULL,NULL,'sysRole:edit','manage',0,'Y',NULL,NULL,1,100,NULL,0,NULL,NULL,NULL,NULL,NULL,NULL,0),(142307070910571,142307070910564,'[0],[142307070910563],[142307070910564],','用户选择器','sys_user_mgr_selector',2,NULL,NULL,NULL,'sysUser:selector','manage',0,'Y',NULL,NULL,1,100,NULL,0,NULL,NULL,NULL,NULL,NULL,NULL,0),(142307070914656,142307070914651,'[0],[142307070910563],[142307070914651],','角色详情','sys_role_mgr_detail',2,NULL,NULL,NULL,'sysRole:detail','manage',0,'Y',NULL,NULL,1,100,NULL,0,NULL,NULL,NULL,NULL,NULL,NULL,0),(142307070914650,142307070914642,'[0],[142307070914633],[142307070914642],','菜单切换','sys_menu_mgr_change',2,NULL,NULL,NULL,'sysMenu:change','system',0,'Y',NULL,NULL,1,100,NULL,0,NULL,NULL,NULL,NULL,NULL,NULL,0),(142307070914662,0,'[0],','开发管理','system_tools',0,'euro','/tools','PageView',NULL,'system',0,'Y',NULL,NULL,1,100,NULL,0,NULL,NULL,NULL,NULL,NULL,NULL,0),(142307070914663,142307070914662,'[0],[142307070914662],','系统配置','system_tools_config',1,NULL,'/config','system/config/index',NULL,'system',1,'Y',NULL,NULL,1,100,NULL,0,NULL,NULL,NULL,NULL,NULL,NULL,0),(142307070914664,142307070914663,'[0],[142307070914662],[142307070914663],','配置查询','system_tools_config_page',2,NULL,NULL,NULL,'sysConfig:page','system',0,'Y',NULL,NULL,1,100,NULL,0,NULL,NULL,NULL,NULL,NULL,NULL,0),(142307070914665,142307070914663,'[0],[142307070914662],[142307070914663],','配置列表','system_tools_config_list',2,NULL,NULL,NULL,'sysConfig:list','system',0,'Y',NULL,NULL,1,100,NULL,0,NULL,NULL,NULL,NULL,NULL,NULL,0),(142307070914666,142307070914663,'[0],[142307070914662],[142307070914663],','配置增加','system_tools_config_add',2,NULL,NULL,NULL,'sysConfig:add','system',0,'Y',NULL,NULL,1,100,NULL,0,NULL,NULL,NULL,NULL,NULL,NULL,0),(142307070914667,142307070914663,'[0],[142307070914662],[142307070914663],','配置编辑','system_tools_config_edit',2,NULL,NULL,NULL,'sysConfig:edit','system',0,'Y',NULL,NULL,1,100,NULL,0,NULL,NULL,NULL,NULL,NULL,NULL,0),(142307070914647,142307070914642,'[0],[142307070914633],[142307070914642],','菜单详情','sys_menu_mgr_detail',2,NULL,NULL,NULL,'sysMenu:detail','system',0,'Y',NULL,NULL,1,100,NULL,0,NULL,NULL,NULL,NULL,NULL,NULL,0),(142307070914668,142307070914663,'[0],[142307070914662],[142307070914663],','配置删除','system_tools_config_delete',2,NULL,NULL,NULL,'sysConfig:delete','system',0,'Y',NULL,NULL,1,100,NULL,0,NULL,NULL,NULL,NULL,NULL,NULL,0),(142307070914671,142307070914662,'[0],[142307070914662],','邮件发送','sys_email_mgr',1,NULL,'/email','system/email/index',NULL,'system',1,'Y',NULL,NULL,1,100,NULL,0,NULL,NULL,NULL,NULL,NULL,NULL,0),(142307070914672,142307070914671,'[0],[142307070914662],[142307070914671],','发送文本邮件','sys_email_mgr_send_email',2,NULL,NULL,NULL,'email:sendEmail','system',0,'Y',NULL,NULL,1,100,NULL,0,NULL,NULL,NULL,NULL,NULL,NULL,0),(142307070914673,142307070914671,'[0],[142307070914662],[142307070914671],','发送html邮件','sys_email_mgr_send_email_html',2,NULL,NULL,NULL,'email:sendEmailHtml','system',0,'Y',NULL,NULL,1,100,NULL,0,NULL,NULL,NULL,NULL,NULL,NULL,0),(142307070914655,142307070914651,'[0],[142307070910563],[142307070914651],','角色删除','sys_role_mgr_delete',2,NULL,NULL,NULL,'sysRole:delete','manage',0,'Y',NULL,NULL,1,100,NULL,0,NULL,NULL,NULL,NULL,NULL,NULL,0),(142307070914675,142307070914674,'[0],[142307070914662],[142307070914674],','短信发送查询','sys_sms_mgr_page',2,NULL,NULL,NULL,'sms:page','system',0,'Y',NULL,NULL,1,100,NULL,0,NULL,NULL,NULL,NULL,NULL,NULL,0),(142307070914676,142307070914674,'[0],[142307070914662],[142307070914674],','发送验证码短信','sys_sms_mgr_send_login_message',2,NULL,NULL,NULL,'sms:sendLoginMessage','system',0,'Y',NULL,NULL,1,100,NULL,0,NULL,NULL,NULL,NULL,NULL,NULL,0),(142307070914677,142307070914674,'[0],[142307070914662],[142307070914674],','验证短信验证码','sys_sms_mgr_validate_message',2,NULL,NULL,NULL,'sms:validateMessage','system',0,'Y',NULL,NULL,1,100,NULL,0,NULL,NULL,NULL,NULL,NULL,NULL,0),(142307070914669,142307070914663,'[0],[142307070914662],[142307070914663],','配置详情','system_tools_config_detail',2,NULL,NULL,NULL,'sysConfig:detail','system',0,'Y',NULL,NULL,1,100,NULL,0,NULL,NULL,NULL,NULL,NULL,NULL,0),(142307070914645,142307070914642,'[0],[142307070914633],[142307070914642],','菜单编辑','sys_menu_mgr_edit',2,NULL,NULL,NULL,'sysMenu:edit','system',0,'Y',NULL,NULL,1,100,NULL,0,NULL,NULL,NULL,NULL,NULL,NULL,0),(142307070914674,142307070914662,'[0],[142307070914662],','短信管理','sys_sms_mgr',1,NULL,'/sms','system/sms/index',NULL,'system',1,'Y',NULL,NULL,1,100,NULL,0,NULL,NULL,NULL,NULL,NULL,NULL,0),(142307070914643,142307070914642,'[0],[142307070914633],[142307070914642],','菜单列表','sys_menu_mgr_list',2,NULL,NULL,NULL,'sysMenu:list','system',0,'Y',NULL,NULL,1,100,NULL,0,NULL,NULL,NULL,NULL,NULL,NULL,0),(142307070914657,142307070914651,'[0],[142307070910563],[142307070914651],','角色下拉','sys_role_mgr_drop_down',2,NULL,NULL,NULL,'sysRole:dropDown','manage',0,'Y',NULL,NULL,1,100,NULL,0,NULL,NULL,NULL,NULL,NULL,NULL,0),(142307070914658,142307070914651,'[0],[142307070910563],[142307070914651],','角色授权菜单','sys_role_mgr_grant_menu',2,NULL,NULL,NULL,'sysRole:grantMenu','manage',0,'Y',NULL,NULL,1,100,NULL,0,NULL,NULL,NULL,NULL,NULL,NULL,0),(142307070914659,142307070914651,'[0],[142307070910563],[142307070914651],','角色拥有菜单','sys_role_mgr_own_menu',2,NULL,NULL,NULL,'sysRole:ownMenu','manage',0,'Y',NULL,NULL,1,100,NULL,0,NULL,NULL,NULL,NULL,NULL,NULL,0),(142307070914660,142307070914651,'[0],[142307070910563],[142307070914651],','角色授权数据','sys_role_mgr_grant_data',2,NULL,NULL,NULL,'sysRole:grantData','manage',0,'Y',NULL,NULL,1,100,NULL,0,NULL,NULL,NULL,NULL,NULL,NULL,0),(142307070914661,142307070914651,'[0],[142307070910563],[142307070914651],','角色拥有数据','sys_role_mgr_own_data',2,NULL,NULL,NULL,'sysRole:ownData','manage',0,'Y',NULL,NULL,1,100,NULL,0,NULL,NULL,NULL,NULL,NULL,NULL,0),(142307070914648,142307070914651,'[0],[142307070914633],[142307070914651],','菜单授权树','sys_menu_mgr_grant_tree',2,NULL,NULL,NULL,'sysMenu:treeForGrant','manage',0,'Y',NULL,NULL,1,100,NULL,0,NULL,NULL,NULL,NULL,NULL,NULL,0),(142307070914649,142307070914651,'[0],[142307070914633],[142307070914651],','菜单树','sys_menu_mgr_tree',2,NULL,NULL,NULL,'sysMenu:tree','manage',0,'Y',NULL,NULL,1,100,NULL,0,NULL,NULL,NULL,NULL,NULL,NULL,0),(142307070914644,142307070914642,'[0],[142307070914633],[142307070914642],','菜单增加','sys_menu_mgr_add',2,NULL,NULL,NULL,'sysMenu:add','system',0,'Y',NULL,NULL,1,100,NULL,0,NULL,NULL,NULL,NULL,NULL,NULL,0),(142307070914634,142307070914633,'[0],[142307070914633],','应用管理','sys_app_mgr',1,NULL,'/app','system/app/index',NULL,'system',1,'Y',NULL,NULL,1,100,NULL,0,NULL,NULL,NULL,NULL,NULL,NULL,0),(142307070914633,0,'[0],','平台管理','sys_platform',0,'safety-certificate','/platform','PageView',NULL,'system',0,'Y',NULL,NULL,1,100,NULL,0,NULL,NULL,NULL,NULL,NULL,NULL,0),(142307070914636,142307070914634,'[0],[142307070914633],[142307070914634],','应用列表','sys_app_mgr_list',2,NULL,NULL,NULL,'sysApp:list','system',0,'Y',NULL,NULL,1,100,NULL,0,NULL,NULL,NULL,NULL,NULL,NULL,0),(142307070914637,142307070914634,'[0],[142307070914633],[142307070914634],','应用增加','sys_app_mgr_add',2,NULL,NULL,NULL,'sysApp:add','system',0,'Y',NULL,NULL,1,100,NULL,0,NULL,NULL,NULL,NULL,NULL,NULL,0),(142307070914638,142307070914634,'[0],[142307070914633],[142307070914634],','应用编辑','sys_app_mgr_edit',2,NULL,NULL,NULL,'sysApp:edit','system',0,'Y',NULL,NULL,1,100,NULL,0,NULL,NULL,NULL,NULL,NULL,NULL,0),(142307070914639,142307070914634,'[0],[142307070914633],[142307070914634],','应用删除','sys_app_mgr_delete',2,NULL,NULL,NULL,'sysApp:delete','system',0,'Y',NULL,NULL,1,100,NULL,0,NULL,NULL,NULL,NULL,NULL,NULL,0),(142307070914640,142307070914634,'[0],[142307070914633],[142307070914634],','应用详情','sys_app_mgr_detail',2,NULL,NULL,NULL,'sysApp:detail','system',0,'Y',NULL,NULL,1,100,NULL,0,NULL,NULL,NULL,NULL,NULL,NULL,0),(142307070914641,142307070914634,'[0],[142307070914633],[142307070914634],','设为默认应用','sys_app_mgr_set_as_default',2,NULL,NULL,NULL,'sysApp:setAsDefault','system',0,'Y',NULL,NULL,1,100,NULL,0,NULL,NULL,NULL,NULL,NULL,NULL,0),(142307070914642,142307070914633,'[0],[142307070914633],','菜单管理','sys_menu_mgr',1,NULL,'/menu','system/menu/index',NULL,'system',1,'Y',NULL,NULL,1,100,NULL,0,NULL,NULL,NULL,NULL,NULL,NULL,0),(142307070914635,142307070914634,'[0],[142307070914633],[142307070914634],','应用查询','sys_app_mgr_page',2,NULL,NULL,NULL,'sysApp:page','system',0,'Y',NULL,NULL,1,100,NULL,0,NULL,NULL,NULL,NULL,NULL,NULL,0),(179162540802117,0,'[0],','设备管理','dilon_videochannels',0,'robot','/videochannels','PageView',NULL,'busiapp',0,'Y',NULL,NULL,2,100,NULL,0,'2021-07-10 08:34:16.708526','2021-07-10 08:37:32.332781',142307070910551,'superAdmin',142307070910551,'superAdmin',0),(179162541072453,179162540802117,'[0],[179162540802117],','设备列表','dilon_videochannels_mgr',1,'bars','/videochannels','main/videochannels/index',NULL,'busiapp',1,'Y',NULL,NULL,2,100,NULL,0,'2021-07-10 08:34:16.774410','2021-07-13 06:27:26.693720',142307070910551,'superAdmin',142307070910551,'superAdmin',0),(179162541903941,179162541072453,'[0],[179162540802117],[179162541072453],','设备管理查询','dilon_videochannels_mgr_page',2,NULL,NULL,NULL,'videochannels:page','busiapp',0,'Y',NULL,NULL,2,100,NULL,0,'2021-07-10 08:34:16.977593',NULL,142307070910551,'superAdmin',NULL,NULL,0),(179162541903942,179162541072453,'[0],[179162540802117],[179162541072453],','设备管理详情','dilon_videochannels_mgr_detail',2,NULL,NULL,NULL,'videochannels:detail','busiapp',0,'Y',NULL,NULL,2,100,NULL,0,'2021-07-10 08:34:16.977597',NULL,142307070910551,'superAdmin',NULL,NULL,0),(179162541903943,179162541072453,'[0],[179162540802117],[179162541072453],','设备管理增加','dilon_videochannels_mgr_add',2,NULL,NULL,NULL,'videochannels:add','busiapp',0,'Y',NULL,NULL,2,100,NULL,0,'2021-07-10 08:34:16.977598',NULL,142307070910551,'superAdmin',NULL,NULL,0),(179162541903944,179162541072453,'[0],[179162540802117],[179162541072453],','设备管理删除','dilon_videochannels_mgr_delete',2,NULL,NULL,NULL,'videochannels:delete','busiapp',0,'Y',NULL,NULL,2,100,NULL,0,'2021-07-10 08:34:16.977599',NULL,142307070910551,'superAdmin',NULL,NULL,0),(179162541903945,179162541072453,'[0],[179162540802117],[179162541072453],','设备管理编辑','dilon_videochannels_mgr_edit',2,NULL,NULL,NULL,'videochannels:edit','busiapp',0,'Y',NULL,NULL,2,100,NULL,0,'2021-07-10 08:34:16.977599',NULL,142307070910551,'superAdmin',NULL,NULL,0),(179465838432325,179162540802117,'[0],[179162540802117],','流媒体服务','dilon_mediaServer_mgr',1,'file-markdown','/mediaServer','main/mediaServer/index','','busiapp',1,'Y',NULL,'',2,100,NULL,0,'2021-07-11 05:08:23.981065','2021-07-13 06:28:08.558182',142307070910551,'superAdmin',142307070910551,'superAdmin',0),(179467173158981,179465838432325,'[0],[179162540802117],[179465838432325],','启动','dilon_mediaserver_mgr_start',2,'','','','mediaserver:start','busiapp',0,'Y','','',2,100,NULL,0,'2021-07-11 05:13:49.842844','2021-07-11 06:12:56.304840',142307070910551,'superAdmin',142307070910551,'superAdmin',0),(179481909649477,179465838432325,'[0],[179162540802117],[179465838432325],','停止','dilon_mediaserver_mgr_stop',2,'','mediaserver_mgr_stop','','mediaserver:stop','busiapp',0,'Y','','',2,100,NULL,0,'2021-07-11 06:13:47.618167',NULL,142307070910551,'superAdmin',NULL,NULL,0),(179772335026245,179162540802117,'[0],[179162540802117],','Sip服务','dilon_devicechannel_mgr',1,'video-camera','/devicechannel','main/devicechannel/index','','busiapp',1,'Y',NULL,'',2,100,NULL,0,'2021-07-12 01:55:32.251920','2021-07-13 06:28:28.492024',142307070910551,'superAdmin',142307070910551,'superAdmin',0),(179804721840197,179772335026245,'[0],[179162540802117],[179772335026245],','查看通道','dilon_devicechannel_mgr_detail',2,'','','','devicechannel:detail','busiapp',0,'Y','','',2,100,NULL,0,'2021-07-12 04:07:19.188459',NULL,142307070910551,'superAdmin',NULL,NULL,0);
/*!40000 ALTER TABLE `sys_menu` ENABLE KEYS */;
UNLOCK TABLES;

--
-- Table structure for table `sys_notice`
--

DROP TABLE IF EXISTS `sys_notice`;
/*!40101 SET @saved_cs_client     = @@character_set_client */;
 SET character_set_client = utf8mb4 ;
CREATE TABLE `sys_notice` (
  `Id` bigint(20) NOT NULL COMMENT 'Id主键',
  `Title` varchar(20) CHARACTER SET utf8mb4 COLLATE utf8mb4_0900_ai_ci NOT NULL COMMENT '标题',
  `Content` longtext CHARACTER SET utf8mb4 COLLATE utf8mb4_0900_ai_ci NOT NULL COMMENT '内容',
  `Type` int(11) NOT NULL COMMENT '类型',
  `PublicUserId` bigint(20) NOT NULL COMMENT '发布人Id',
  `PublicUserName` varchar(20) CHARACTER SET utf8mb4 COLLATE utf8mb4_0900_ai_ci DEFAULT NULL COMMENT '发布人姓名',
  `PublicOrgId` bigint(20) NOT NULL COMMENT '发布机构Id',
  `PublicOrgName` varchar(50) CHARACTER SET utf8mb4 COLLATE utf8mb4_0900_ai_ci DEFAULT NULL COMMENT '发布机构名称',
  `PublicTime` datetime(6) DEFAULT NULL COMMENT '发布时间',
  `CancelTime` datetime(6) DEFAULT NULL COMMENT '撤回时间',
  `Status` int(11) NOT NULL COMMENT '状态',
  `CreatedTime` datetime(6) DEFAULT NULL COMMENT '创建时间',
  `UpdatedTime` datetime(6) DEFAULT NULL COMMENT '更新时间',
  `CreatedUserId` bigint(20) DEFAULT NULL COMMENT '创建者Id',
  `CreatedUserName` varchar(20) CHARACTER SET utf8mb4 COLLATE utf8mb4_0900_ai_ci DEFAULT NULL COMMENT '创建者名称',
  `UpdatedUserId` bigint(20) DEFAULT NULL COMMENT '修改者Id',
  `UpdatedUserName` varchar(20) CHARACTER SET utf8mb4 COLLATE utf8mb4_0900_ai_ci DEFAULT NULL COMMENT '修改者名称',
  `IsDeleted` tinyint(1) NOT NULL COMMENT '软删除标记',
  PRIMARY KEY (`Id`)
) ENGINE=MyISAM DEFAULT CHARSET=utf8mb4 COLLATE=utf8mb4_0900_ai_ci COMMENT='通知公告表';
/*!40101 SET character_set_client = @saved_cs_client */;

--
-- Dumping data for table `sys_notice`
--

LOCK TABLES `sys_notice` WRITE;
/*!40000 ALTER TABLE `sys_notice` DISABLE KEYS */;
/*!40000 ALTER TABLE `sys_notice` ENABLE KEYS */;
UNLOCK TABLES;

--
-- Table structure for table `sys_notice_user`
--

DROP TABLE IF EXISTS `sys_notice_user`;
/*!40101 SET @saved_cs_client     = @@character_set_client */;
 SET character_set_client = utf8mb4 ;
CREATE TABLE `sys_notice_user` (
  `NoticeId` bigint(20) NOT NULL COMMENT '通知公告Id',
  `UserId` bigint(20) NOT NULL COMMENT '用户Id',
  `ReadTime` datetime(6) DEFAULT NULL COMMENT '阅读时间',
  `ReadStatus` int(11) NOT NULL COMMENT '状态',
  PRIMARY KEY (`NoticeId`,`UserId`)
) ENGINE=MyISAM DEFAULT CHARSET=utf8mb4 COLLATE=utf8mb4_0900_ai_ci COMMENT='通知公告用户表';
/*!40101 SET character_set_client = @saved_cs_client */;

--
-- Dumping data for table `sys_notice_user`
--

LOCK TABLES `sys_notice_user` WRITE;
/*!40000 ALTER TABLE `sys_notice_user` DISABLE KEYS */;
/*!40000 ALTER TABLE `sys_notice_user` ENABLE KEYS */;
UNLOCK TABLES;

--
-- Table structure for table `sys_oauth_user`
--

DROP TABLE IF EXISTS `sys_oauth_user`;
/*!40101 SET @saved_cs_client     = @@character_set_client */;
 SET character_set_client = utf8mb4 ;
CREATE TABLE `sys_oauth_user` (
  `Id` bigint(20) NOT NULL COMMENT 'Id主键',
  `Uuid` varchar(50) CHARACTER SET utf8mb4 COLLATE utf8mb4_0900_ai_ci DEFAULT NULL COMMENT 'UUID',
  `AccessToken` longtext CHARACTER SET utf8mb4 COLLATE utf8mb4_0900_ai_ci COMMENT 'Token',
  `NickName` varchar(20) CHARACTER SET utf8mb4 COLLATE utf8mb4_0900_ai_ci DEFAULT NULL COMMENT '昵称',
  `Avatar` longtext CHARACTER SET utf8mb4 COLLATE utf8mb4_0900_ai_ci COMMENT '头像',
  `Gender` varchar(5) CHARACTER SET utf8mb4 COLLATE utf8mb4_0900_ai_ci DEFAULT NULL COMMENT '性别',
  `Phone` varchar(20) CHARACTER SET utf8mb4 COLLATE utf8mb4_0900_ai_ci DEFAULT NULL COMMENT '电话',
  `Email` varchar(20) CHARACTER SET utf8mb4 COLLATE utf8mb4_0900_ai_ci DEFAULT NULL COMMENT '邮箱',
  `Location` varchar(50) CHARACTER SET utf8mb4 COLLATE utf8mb4_0900_ai_ci DEFAULT NULL COMMENT '位置',
  `Blog` longtext CHARACTER SET utf8mb4 COLLATE utf8mb4_0900_ai_ci COMMENT '用户网址',
  `Company` varchar(50) CHARACTER SET utf8mb4 COLLATE utf8mb4_0900_ai_ci DEFAULT NULL COMMENT '所在公司',
  `Source` varchar(20) CHARACTER SET utf8mb4 COLLATE utf8mb4_0900_ai_ci DEFAULT NULL COMMENT '用户来源',
  `Remark` varchar(100) CHARACTER SET utf8mb4 COLLATE utf8mb4_0900_ai_ci DEFAULT NULL COMMENT '备注',
  `CreatedTime` datetime(6) DEFAULT NULL COMMENT '创建时间',
  `UpdatedTime` datetime(6) DEFAULT NULL COMMENT '更新时间',
  `CreatedUserId` bigint(20) DEFAULT NULL COMMENT '创建者Id',
  `CreatedUserName` varchar(20) CHARACTER SET utf8mb4 COLLATE utf8mb4_0900_ai_ci DEFAULT NULL COMMENT '创建者名称',
  `UpdatedUserId` bigint(20) DEFAULT NULL COMMENT '修改者Id',
  `UpdatedUserName` varchar(20) CHARACTER SET utf8mb4 COLLATE utf8mb4_0900_ai_ci DEFAULT NULL COMMENT '修改者名称',
  `IsDeleted` tinyint(1) NOT NULL COMMENT '软删除标记',
  PRIMARY KEY (`Id`)
) ENGINE=MyISAM DEFAULT CHARSET=utf8mb4 COLLATE=utf8mb4_0900_ai_ci COMMENT='Oauth登录用户表';
/*!40101 SET character_set_client = @saved_cs_client */;

--
-- Dumping data for table `sys_oauth_user`
--

LOCK TABLES `sys_oauth_user` WRITE;
/*!40000 ALTER TABLE `sys_oauth_user` DISABLE KEYS */;
/*!40000 ALTER TABLE `sys_oauth_user` ENABLE KEYS */;
UNLOCK TABLES;

--
-- Table structure for table `sys_online_user`
--

DROP TABLE IF EXISTS `sys_online_user`;
/*!40101 SET @saved_cs_client     = @@character_set_client */;
 SET character_set_client = utf8mb4 ;
CREATE TABLE `sys_online_user` (
  `UserId` bigint(20) NOT NULL AUTO_INCREMENT COMMENT '用户Id',
  `ConnectionId` longtext CHARACTER SET utf8mb4 COLLATE utf8mb4_0900_ai_ci COMMENT '连接Id',
  `LastTime` datetime(6) NOT NULL COMMENT '最近时间',
  PRIMARY KEY (`UserId`)
) ENGINE=MyISAM DEFAULT CHARSET=utf8mb4 COLLATE=utf8mb4_0900_ai_ci COMMENT='在线用户表';
/*!40101 SET character_set_client = @saved_cs_client */;

--
-- Dumping data for table `sys_online_user`
--

LOCK TABLES `sys_online_user` WRITE;
/*!40000 ALTER TABLE `sys_online_user` DISABLE KEYS */;
/*!40000 ALTER TABLE `sys_online_user` ENABLE KEYS */;
UNLOCK TABLES;

--
-- Table structure for table `sys_org`
--

DROP TABLE IF EXISTS `sys_org`;
/*!40101 SET @saved_cs_client     = @@character_set_client */;
 SET character_set_client = utf8mb4 ;
CREATE TABLE `sys_org` (
  `Id` bigint(20) NOT NULL COMMENT 'Id主键',
  `Pid` bigint(20) NOT NULL COMMENT '父Id',
  `Pids` longtext CHARACTER SET utf8mb4 COLLATE utf8mb4_0900_ai_ci COMMENT '父Ids',
  `Name` varchar(30) CHARACTER SET utf8mb4 COLLATE utf8mb4_0900_ai_ci NOT NULL COMMENT '名称',
  `Code` varchar(50) CHARACTER SET utf8mb4 COLLATE utf8mb4_0900_ai_ci NOT NULL COMMENT '编码',
  `Contacts` varchar(20) CHARACTER SET utf8mb4 COLLATE utf8mb4_0900_ai_ci DEFAULT NULL COMMENT '联系人',
  `Tel` varchar(20) CHARACTER SET utf8mb4 COLLATE utf8mb4_0900_ai_ci DEFAULT NULL COMMENT '电话',
  `Sort` int(11) NOT NULL COMMENT '排序',
  `Remark` varchar(100) CHARACTER SET utf8mb4 COLLATE utf8mb4_0900_ai_ci DEFAULT NULL COMMENT '备注',
  `Status` int(11) NOT NULL COMMENT '状态',
  `OrgType` int(11) NOT NULL COMMENT '机构类型-品牌_1、总店(加盟/直营)_2、直营店_3、加盟店_4',
  `CreatedTime` datetime(6) DEFAULT NULL COMMENT '创建时间',
  `UpdatedTime` datetime(6) DEFAULT NULL COMMENT '更新时间',
  `CreatedUserId` bigint(20) DEFAULT NULL COMMENT '创建者Id',
  `CreatedUserName` varchar(20) CHARACTER SET utf8mb4 COLLATE utf8mb4_0900_ai_ci DEFAULT NULL COMMENT '创建者名称',
  `UpdatedUserId` bigint(20) DEFAULT NULL COMMENT '修改者Id',
  `UpdatedUserName` varchar(20) CHARACTER SET utf8mb4 COLLATE utf8mb4_0900_ai_ci DEFAULT NULL COMMENT '修改者名称',
  `IsDeleted` tinyint(1) NOT NULL COMMENT '软删除标记',
  `TenantId` bigint(20) DEFAULT NULL COMMENT '租户id',
  PRIMARY KEY (`Id`)
) ENGINE=MyISAM DEFAULT CHARSET=utf8mb4 COLLATE=utf8mb4_0900_ai_ci COMMENT='组织机构表';
/*!40101 SET character_set_client = @saved_cs_client */;

--
-- Dumping data for table `sys_org`
--

LOCK TABLES `sys_org` WRITE;
/*!40000 ALTER TABLE `sys_org` DISABLE KEYS */;
INSERT INTO `sys_org` VALUES (142307070910548,0,'[0],','租户2公司','gsmc',NULL,NULL,100,'公司名称',0,0,NULL,NULL,NULL,NULL,NULL,NULL,0,142307070918782),(142307070910547,0,'[0],','租户1公司','gsmc',NULL,NULL,100,'公司名称',0,0,NULL,NULL,NULL,NULL,NULL,NULL,0,142307070918781),(142307070910546,142307070910544,'[0],[142307070910539],[142307070910541],[142307070910544],','市场部二部','hxjt_cd_scb_2b',NULL,NULL,100,'华夏集团成都分公司市场部二部',0,0,NULL,NULL,NULL,NULL,NULL,NULL,0,142307070918780),(142307070910544,142307070910541,'[0],[142307070910539],[142307070910541],','市场部','hxjt_cd_scb',NULL,NULL,100,'华夏集团成都分公司市场部',0,0,NULL,NULL,NULL,NULL,NULL,NULL,0,142307070918780),(142307070910545,142307070910541,'[0],[142307070910539],[142307070910541],','财务部','hxjt_cd_cwb',NULL,NULL,100,'华夏集团成都分公司财务部',0,0,NULL,NULL,NULL,NULL,NULL,NULL,0,142307070918780),(142307070910542,142307070910540,'[0],[142307070910539],[142307070910540],','研发部','hxjt_bj_yfb',NULL,NULL,100,'华夏集团北京分公司研发部',0,0,NULL,NULL,NULL,NULL,NULL,NULL,0,142307070918780),(142307070910541,142307070910539,'[0],[142307070910539],','华夏集团成都分公司','hxjt_cd',NULL,NULL,100,'华夏集团成都分公司',0,0,NULL,NULL,NULL,NULL,NULL,NULL,0,142307070918780),(142307070910540,142307070910539,'[0],[142307070910539],','华夏集团北京分公司','hxjt_bj',NULL,NULL,100,'华夏集团北京分公司',0,0,NULL,NULL,NULL,NULL,NULL,NULL,0,142307070918780),(142307070910539,0,'[0],','华夏集团','hxjt',NULL,NULL,100,'华夏集团',0,0,NULL,NULL,NULL,NULL,NULL,NULL,0,142307070918780),(142307070910543,142307070910540,'[0],[142307070910539],[142307070910540],','企划部','hxjt_bj_qhb',NULL,NULL,100,'华夏集团北京分公司企划部',0,0,NULL,NULL,NULL,NULL,NULL,NULL,0,142307070918780);
/*!40000 ALTER TABLE `sys_org` ENABLE KEYS */;
UNLOCK TABLES;

--
-- Table structure for table `sys_pos`
--

DROP TABLE IF EXISTS `sys_pos`;
/*!40101 SET @saved_cs_client     = @@character_set_client */;
 SET character_set_client = utf8mb4 ;
CREATE TABLE `sys_pos` (
  `Id` bigint(20) NOT NULL COMMENT 'Id主键',
  `Name` varchar(20) CHARACTER SET utf8mb4 COLLATE utf8mb4_0900_ai_ci NOT NULL COMMENT '名称',
  `Code` varchar(50) CHARACTER SET utf8mb4 COLLATE utf8mb4_0900_ai_ci NOT NULL COMMENT '编码',
  `Sort` int(11) NOT NULL COMMENT '排序',
  `Remark` varchar(100) CHARACTER SET utf8mb4 COLLATE utf8mb4_0900_ai_ci DEFAULT NULL COMMENT '备注',
  `Status` int(11) NOT NULL COMMENT '状态',
  `CreatedTime` datetime(6) DEFAULT NULL COMMENT '创建时间',
  `UpdatedTime` datetime(6) DEFAULT NULL COMMENT '更新时间',
  `CreatedUserId` bigint(20) DEFAULT NULL COMMENT '创建者Id',
  `CreatedUserName` varchar(20) CHARACTER SET utf8mb4 COLLATE utf8mb4_0900_ai_ci DEFAULT NULL COMMENT '创建者名称',
  `UpdatedUserId` bigint(20) DEFAULT NULL COMMENT '修改者Id',
  `UpdatedUserName` varchar(20) CHARACTER SET utf8mb4 COLLATE utf8mb4_0900_ai_ci DEFAULT NULL COMMENT '修改者名称',
  `IsDeleted` tinyint(1) NOT NULL COMMENT '软删除标记',
  `TenantId` bigint(20) DEFAULT NULL COMMENT '租户id',
  PRIMARY KEY (`Id`)
) ENGINE=MyISAM DEFAULT CHARSET=utf8mb4 COLLATE=utf8mb4_0900_ai_ci COMMENT='职位表';
/*!40101 SET character_set_client = @saved_cs_client */;

--
-- Dumping data for table `sys_pos`
--

LOCK TABLES `sys_pos` WRITE;
/*!40000 ALTER TABLE `sys_pos` DISABLE KEYS */;
INSERT INTO `sys_pos` VALUES (142307070910558,'工作人员','gzry',103,'工作人员',0,NULL,NULL,NULL,NULL,NULL,NULL,0,142307070918782),(142307070910557,'部门经理','bmjl',102,'部门经理',0,NULL,NULL,NULL,NULL,NULL,NULL,0,142307070918782),(142307070910556,'副总经理','fzjl',101,'副总经理',0,NULL,NULL,NULL,NULL,NULL,NULL,0,142307070918782),(142307070910554,'工作人员','gzry',103,'工作人员',0,NULL,NULL,NULL,NULL,NULL,NULL,0,142307070918781),(142307070910553,'部门经理','bmjl',102,'部门经理',0,NULL,NULL,NULL,NULL,NULL,NULL,0,142307070918781),(142307070910555,'总经理','zjl',100,'总经理',0,NULL,NULL,NULL,NULL,NULL,NULL,0,142307070918782),(142307070910551,'总经理','zjl',100,'总经理',0,NULL,NULL,NULL,NULL,NULL,NULL,0,142307070918781),(142307070910550,'工作人员','gzry',103,'工作人员',0,NULL,NULL,NULL,NULL,NULL,NULL,0,142307070918780),(142307070910549,'部门经理','bmjl',102,'部门经理',0,NULL,NULL,NULL,NULL,NULL,NULL,0,142307070918780),(142307070910548,'副总经理','fzjl',101,'副总经理',0,NULL,NULL,NULL,NULL,NULL,NULL,0,142307070918780),(142307070910547,'总经理','zjl',100,'总经理',0,NULL,NULL,NULL,NULL,NULL,NULL,0,142307070918780),(142307070910552,'副总经理','fzjl',101,'副总经理',0,NULL,NULL,NULL,NULL,NULL,NULL,0,142307070918781);
/*!40000 ALTER TABLE `sys_pos` ENABLE KEYS */;
UNLOCK TABLES;

--
-- Table structure for table `sys_role`
--

DROP TABLE IF EXISTS `sys_role`;
/*!40101 SET @saved_cs_client     = @@character_set_client */;
 SET character_set_client = utf8mb4 ;
CREATE TABLE `sys_role` (
  `Id` bigint(20) NOT NULL COMMENT 'Id主键',
  `Name` varchar(20) CHARACTER SET utf8mb4 COLLATE utf8mb4_0900_ai_ci NOT NULL COMMENT '名称',
  `Code` varchar(50) CHARACTER SET utf8mb4 COLLATE utf8mb4_0900_ai_ci NOT NULL COMMENT '编码',
  `Sort` int(11) NOT NULL COMMENT '排序',
  `DataScopeType` int(11) NOT NULL COMMENT '数据范围类型',
  `Remark` varchar(100) CHARACTER SET utf8mb4 COLLATE utf8mb4_0900_ai_ci DEFAULT NULL COMMENT '备注',
  `Status` int(11) NOT NULL COMMENT '状态',
  `RoleType` int(11) NOT NULL COMMENT '角色类型-集团角色_0、加盟商角色_1、门店角色_2',
  `CreatedTime` datetime(6) DEFAULT NULL COMMENT '创建时间',
  `UpdatedTime` datetime(6) DEFAULT NULL COMMENT '更新时间',
  `CreatedUserId` bigint(20) DEFAULT NULL COMMENT '创建者Id',
  `CreatedUserName` varchar(20) CHARACTER SET utf8mb4 COLLATE utf8mb4_0900_ai_ci DEFAULT NULL COMMENT '创建者名称',
  `UpdatedUserId` bigint(20) DEFAULT NULL COMMENT '修改者Id',
  `UpdatedUserName` varchar(20) CHARACTER SET utf8mb4 COLLATE utf8mb4_0900_ai_ci DEFAULT NULL COMMENT '修改者名称',
  `IsDeleted` tinyint(1) NOT NULL COMMENT '软删除标记',
  `TenantId` bigint(20) DEFAULT NULL COMMENT '租户id',
  PRIMARY KEY (`Id`)
) ENGINE=MyISAM DEFAULT CHARSET=utf8mb4 COLLATE=utf8mb4_0900_ai_ci COMMENT='角色表';
/*!40101 SET character_set_client = @saved_cs_client */;

--
-- Dumping data for table `sys_role`
--

LOCK TABLES `sys_role` WRITE;
/*!40000 ALTER TABLE `sys_role` DISABLE KEYS */;
INSERT INTO `sys_role` VALUES (142307070910554,'系统管理员','sys_manager_role',100,1,'系统管理员',0,0,NULL,NULL,NULL,NULL,NULL,NULL,0,142307070918780),(142307070910555,'普通用户','common_role',101,5,'普通用户',0,0,NULL,NULL,NULL,NULL,NULL,NULL,0,142307070918780),(142307070910556,'系统管理员','sys_manager_role',100,5,'系统管理员',0,0,NULL,NULL,NULL,NULL,NULL,NULL,0,142307070918781),(142307070910557,'普通用户','common_role',101,5,'普通用户',0,0,NULL,NULL,NULL,NULL,NULL,NULL,0,142307070918781);
/*!40000 ALTER TABLE `sys_role` ENABLE KEYS */;
UNLOCK TABLES;

--
-- Table structure for table `sys_role_data_scope`
--

DROP TABLE IF EXISTS `sys_role_data_scope`;
/*!40101 SET @saved_cs_client     = @@character_set_client */;
 SET character_set_client = utf8mb4 ;
CREATE TABLE `sys_role_data_scope` (
  `SysRoleId` bigint(20) NOT NULL COMMENT '角色Id',
  `SysOrgId` bigint(20) NOT NULL COMMENT '机构Id',
  PRIMARY KEY (`SysRoleId`,`SysOrgId`),
  KEY `IX_sys_role_data_scope_SysOrgId` (`SysOrgId`)
) ENGINE=MyISAM DEFAULT CHARSET=utf8mb4 COLLATE=utf8mb4_0900_ai_ci COMMENT='角色数据范围表';
/*!40101 SET character_set_client = @saved_cs_client */;

--
-- Dumping data for table `sys_role_data_scope`
--

LOCK TABLES `sys_role_data_scope` WRITE;
/*!40000 ALTER TABLE `sys_role_data_scope` DISABLE KEYS */;
/*!40000 ALTER TABLE `sys_role_data_scope` ENABLE KEYS */;
UNLOCK TABLES;

--
-- Table structure for table `sys_role_menu`
--

DROP TABLE IF EXISTS `sys_role_menu`;
/*!40101 SET @saved_cs_client     = @@character_set_client */;
 SET character_set_client = utf8mb4 ;
CREATE TABLE `sys_role_menu` (
  `SysRoleId` bigint(20) NOT NULL COMMENT '角色Id',
  `SysMenuId` bigint(20) NOT NULL COMMENT '菜单Id',
  PRIMARY KEY (`SysRoleId`,`SysMenuId`),
  KEY `IX_sys_role_menu_SysMenuId` (`SysMenuId`)
) ENGINE=MyISAM DEFAULT CHARSET=utf8mb4 COLLATE=utf8mb4_0900_ai_ci COMMENT='角色菜单表';
/*!40101 SET character_set_client = @saved_cs_client */;

--
-- Dumping data for table `sys_role_menu`
--

LOCK TABLES `sys_role_menu` WRITE;
/*!40000 ALTER TABLE `sys_role_menu` DISABLE KEYS */;
INSERT INTO `sys_role_menu` VALUES (142307070910556,142307000914633),(142307070910556,142307070910560),(142307070910556,142307070910561),(142307070910556,142307070910562),(142307070910556,142307070910563),(142307070910556,142307070910564),(142307070910556,142307070910565),(142307070910556,142307070910566),(142307070910556,142307070910567),(142307070910556,142307070910568),(142307070910556,142307070910569),(142307070910556,142307070910570),(142307070910556,142307070910571),(142307070910556,142307070910572),(142307070910556,142307070910573),(142307070910556,142307070910574),(142307070910556,142307070910575),(142307070910556,142307070910576),(142307070910556,142307070910577),(142307070910556,142307070910578),(142307070910556,142307070910579),(142307070910556,142307070910580),(142307070910556,142307070910581),(142307070910556,142307070910582),(142307070910556,142307070910583),(142307070910556,142307070910584),(142307070910556,142307070910585),(142307070910556,142307070910586),(142307070910556,142307070910587),(142307070910556,142307070910588),(142307070910556,142307070910589),(142307070910556,142307070910590),(142307070910556,142307070910591),(142307070910556,142307070914629),(142307070910556,142307070914630),(142307070910556,142307070914631),(142307070910556,142307070914632),(142307070910556,142307070914648),(142307070910556,142307070914651),(142307070910556,142307070914652),(142307070910556,142307070914653),(142307070910556,142307070914654),(142307070910556,142307070914655),(142307070910556,142307070914656),(142307070910556,142307070914657),(142307070910556,142307070914658),(142307070910556,142307070914659),(142307070910556,142307070914660),(142307070910556,142307070914661),(142307070910556,142307070918777),(142307070910556,142307070922874);
/*!40000 ALTER TABLE `sys_role_menu` ENABLE KEYS */;
UNLOCK TABLES;

--
-- Table structure for table `sys_timer`
--

DROP TABLE IF EXISTS `sys_timer`;
/*!40101 SET @saved_cs_client     = @@character_set_client */;
 SET character_set_client = utf8mb4 ;
CREATE TABLE `sys_timer` (
  `Id` bigint(20) NOT NULL COMMENT 'Id主键',
  `JobName` varchar(20) CHARACTER SET utf8mb4 COLLATE utf8mb4_0900_ai_ci NOT NULL COMMENT '任务名称',
  `DoOnce` tinyint(1) NOT NULL COMMENT '只执行一次',
  `StartNow` tinyint(1) NOT NULL COMMENT '立即执行',
  `ExecuteType` int(11) NOT NULL COMMENT '执行类型',
  `Interval` int(11) DEFAULT NULL COMMENT '间隔时间',
  `Cron` varchar(20) CHARACTER SET utf8mb4 COLLATE utf8mb4_0900_ai_ci DEFAULT NULL COMMENT 'Cron表达式',
  `TimerType` int(11) NOT NULL COMMENT '定时器类型',
  `RequestUrl` varchar(200) CHARACTER SET utf8mb4 COLLATE utf8mb4_0900_ai_ci DEFAULT NULL COMMENT '请求url',
  `RequestParameters` longtext CHARACTER SET utf8mb4 COLLATE utf8mb4_0900_ai_ci COMMENT '请求参数',
  `Headers` longtext CHARACTER SET utf8mb4 COLLATE utf8mb4_0900_ai_ci COMMENT 'Headers',
  `RequestType` int(11) NOT NULL COMMENT '请求类型',
  `Remark` varchar(100) CHARACTER SET utf8mb4 COLLATE utf8mb4_0900_ai_ci DEFAULT NULL COMMENT '备注',
  `CreatedTime` datetime(6) DEFAULT NULL COMMENT '创建时间',
  `UpdatedTime` datetime(6) DEFAULT NULL COMMENT '更新时间',
  `CreatedUserId` bigint(20) DEFAULT NULL COMMENT '创建者Id',
  `CreatedUserName` varchar(20) CHARACTER SET utf8mb4 COLLATE utf8mb4_0900_ai_ci DEFAULT NULL COMMENT '创建者名称',
  `UpdatedUserId` bigint(20) DEFAULT NULL COMMENT '修改者Id',
  `UpdatedUserName` varchar(20) CHARACTER SET utf8mb4 COLLATE utf8mb4_0900_ai_ci DEFAULT NULL COMMENT '修改者名称',
  `IsDeleted` tinyint(1) NOT NULL COMMENT '软删除标记',
  PRIMARY KEY (`Id`)
) ENGINE=MyISAM DEFAULT CHARSET=utf8mb4 COLLATE=utf8mb4_0900_ai_ci COMMENT='定时任务表';
/*!40101 SET character_set_client = @saved_cs_client */;

--
-- Dumping data for table `sys_timer`
--

LOCK TABLES `sys_timer` WRITE;
/*!40000 ALTER TABLE `sys_timer` DISABLE KEYS */;
INSERT INTO `sys_timer` VALUES (142307070910556,'百度api',0,0,1,5,NULL,0,'https://www.baidu.com',NULL,NULL,2,'接口API',NULL,NULL,NULL,NULL,NULL,NULL,0);
/*!40000 ALTER TABLE `sys_timer` ENABLE KEYS */;
UNLOCK TABLES;

--
-- Table structure for table `sys_user`
--

DROP TABLE IF EXISTS `sys_user`;
/*!40101 SET @saved_cs_client     = @@character_set_client */;
 SET character_set_client = utf8mb4 ;
CREATE TABLE `sys_user` (
  `Id` bigint(20) NOT NULL COMMENT 'Id主键',
  `Account` varchar(20) CHARACTER SET utf8mb4 COLLATE utf8mb4_0900_ai_ci NOT NULL COMMENT '账号',
  `Password` varchar(50) CHARACTER SET utf8mb4 COLLATE utf8mb4_0900_ai_ci NOT NULL COMMENT '密码',
  `NickName` varchar(20) CHARACTER SET utf8mb4 COLLATE utf8mb4_0900_ai_ci DEFAULT NULL COMMENT '昵称',
  `Name` varchar(20) CHARACTER SET utf8mb4 COLLATE utf8mb4_0900_ai_ci DEFAULT NULL COMMENT '姓名',
  `Avatar` longtext CHARACTER SET utf8mb4 COLLATE utf8mb4_0900_ai_ci COMMENT '头像',
  `Birthday` datetime(6) DEFAULT NULL COMMENT '生日',
  `Sex` int(11) NOT NULL COMMENT '性别-男_1、女_2',
  `Email` varchar(50) CHARACTER SET utf8mb4 COLLATE utf8mb4_0900_ai_ci DEFAULT NULL COMMENT '邮箱',
  `Phone` varchar(20) CHARACTER SET utf8mb4 COLLATE utf8mb4_0900_ai_ci DEFAULT NULL COMMENT '手机',
  `Tel` varchar(20) CHARACTER SET utf8mb4 COLLATE utf8mb4_0900_ai_ci DEFAULT NULL COMMENT '电话',
  `LastLoginIp` varchar(20) CHARACTER SET utf8mb4 COLLATE utf8mb4_0900_ai_ci DEFAULT NULL COMMENT '最后登录IP',
  `LastLoginTime` datetime(6) DEFAULT NULL COMMENT '最后登录时间',
  `AdminType` int(11) NOT NULL COMMENT '管理员类型-超级管理员_1、非管理员_2',
  `Status` int(11) NOT NULL COMMENT '状态-正常_0、停用_1、删除_2',
  `CreatedTime` datetime(6) DEFAULT NULL COMMENT '创建时间',
  `UpdatedTime` datetime(6) DEFAULT NULL COMMENT '更新时间',
  `CreatedUserId` bigint(20) DEFAULT NULL COMMENT '创建者Id',
  `CreatedUserName` varchar(20) CHARACTER SET utf8mb4 COLLATE utf8mb4_0900_ai_ci DEFAULT NULL COMMENT '创建者名称',
  `UpdatedUserId` bigint(20) DEFAULT NULL COMMENT '修改者Id',
  `UpdatedUserName` varchar(20) CHARACTER SET utf8mb4 COLLATE utf8mb4_0900_ai_ci DEFAULT NULL COMMENT '修改者名称',
  `IsDeleted` tinyint(1) NOT NULL COMMENT '软删除标记',
  `TenantId` bigint(20) DEFAULT NULL COMMENT '租户id',
  PRIMARY KEY (`Id`)
) ENGINE=MyISAM DEFAULT CHARSET=utf8mb4 COLLATE=utf8mb4_0900_ai_ci COMMENT='用户表';
/*!40101 SET character_set_client = @saved_cs_client */;

--
-- Dumping data for table `sys_user`
--

LOCK TABLES `sys_user` WRITE;
/*!40000 ALTER TABLE `sys_user` DISABLE KEYS */;
INSERT INTO `sys_user` VALUES (142307070910554,'zuohuaijun@163.com','e10adc3949ba59abbe56e057f20f883e','admin','系统管理员',NULL,'1986-07-25 16:00:00.000000',1,NULL,'18020030720',NULL,NULL,NULL,2,0,NULL,NULL,NULL,NULL,NULL,NULL,0,142307070918781),(142307070910551,'superAdmin','e10adc3949ba59abbe56e057f20f883e','superAdmin','超级管理员',NULL,'1986-07-25 16:00:00.000000',1,NULL,'18020030720',NULL,NULL,NULL,1,0,NULL,NULL,NULL,NULL,NULL,NULL,0,142307070918780),(142307070910552,'admin','e10adc3949ba59abbe56e057f20f883e','admin','系统管理员',NULL,'1986-07-25 16:00:00.000000',1,NULL,'18020030720',NULL,NULL,NULL,2,0,NULL,NULL,NULL,NULL,NULL,NULL,0,142307070918780),(142307070910553,'zuohuaijun','e10adc3949ba59abbe56e057f20f883e','zuohuaijun','普通用户',NULL,'1986-07-25 16:00:00.000000',1,NULL,'18020030720',NULL,NULL,NULL,3,0,NULL,NULL,NULL,NULL,NULL,NULL,0,142307070918780),(142307070910556,'dilon@163.com','e10adc3949ba59abbe56e057f20f883e','dilon','普通用户',NULL,'1986-07-25 16:00:00.000000',1,NULL,'18020030720',NULL,NULL,NULL,3,0,NULL,NULL,NULL,NULL,NULL,NULL,0,142307070918781);
/*!40000 ALTER TABLE `sys_user` ENABLE KEYS */;
UNLOCK TABLES;

--
-- Table structure for table `sys_user_data_scope`
--

DROP TABLE IF EXISTS `sys_user_data_scope`;
/*!40101 SET @saved_cs_client     = @@character_set_client */;
 SET character_set_client = utf8mb4 ;
CREATE TABLE `sys_user_data_scope` (
  `SysUserId` bigint(20) NOT NULL COMMENT '用户Id',
  `SysOrgId` bigint(20) NOT NULL COMMENT '机构Id',
  PRIMARY KEY (`SysUserId`,`SysOrgId`),
  KEY `IX_sys_user_data_scope_SysOrgId` (`SysOrgId`)
) ENGINE=MyISAM DEFAULT CHARSET=utf8mb4 COLLATE=utf8mb4_0900_ai_ci COMMENT='用户数据范围表';
/*!40101 SET character_set_client = @saved_cs_client */;

--
-- Dumping data for table `sys_user_data_scope`
--

LOCK TABLES `sys_user_data_scope` WRITE;
/*!40000 ALTER TABLE `sys_user_data_scope` DISABLE KEYS */;
INSERT INTO `sys_user_data_scope` VALUES (142307070910554,142307070910547);
/*!40000 ALTER TABLE `sys_user_data_scope` ENABLE KEYS */;
UNLOCK TABLES;

--
-- Table structure for table `sys_user_role`
--

DROP TABLE IF EXISTS `sys_user_role`;
/*!40101 SET @saved_cs_client     = @@character_set_client */;
 SET character_set_client = utf8mb4 ;
CREATE TABLE `sys_user_role` (
  `SysUserId` bigint(20) NOT NULL COMMENT '用户Id',
  `SysRoleId` bigint(20) NOT NULL COMMENT '角色Id',
  PRIMARY KEY (`SysUserId`,`SysRoleId`),
  KEY `IX_sys_user_role_SysRoleId` (`SysRoleId`)
) ENGINE=MyISAM DEFAULT CHARSET=utf8mb4 COLLATE=utf8mb4_0900_ai_ci COMMENT='用户角色表';
/*!40101 SET character_set_client = @saved_cs_client */;

--
-- Dumping data for table `sys_user_role`
--

LOCK TABLES `sys_user_role` WRITE;
/*!40000 ALTER TABLE `sys_user_role` DISABLE KEYS */;
INSERT INTO `sys_user_role` VALUES (142307070910554,142307070910556);
/*!40000 ALTER TABLE `sys_user_role` ENABLE KEYS */;
UNLOCK TABLES;

--
-- Table structure for table `videochannels`
--

DROP TABLE IF EXISTS `videochannels`;
/*!40101 SET @saved_cs_client     = @@character_set_client */;
 SET character_set_client = utf8mb4 ;
CREATE TABLE `videochannels` (
  `Id` bigint(20) NOT NULL AUTO_INCREMENT COMMENT '数据库主键',
  `MainId` varchar(32) NOT NULL COMMENT '设备的唯一ID',
  `MediaServerId` varchar(64) NOT NULL COMMENT '流媒体服务器ID',
  `Vhost` varchar(64) NOT NULL COMMENT 'vhost',
  `App` varchar(64) NOT NULL COMMENT 'app',
  `ChannelName` varchar(64) DEFAULT NULL COMMENT '通道名称，整个系统唯一',
  `DepartmentId` varchar(20) DEFAULT NULL COMMENT '部门代码',
  `DepartmentName` varchar(64) DEFAULT NULL COMMENT '部门名称',
  `PDepartmentId` varchar(20) DEFAULT NULL COMMENT '上级部门代码',
  `PDepartmentName` varchar(64) DEFAULT NULL COMMENT '上级部门名称',
  `DeviceNetworkType` varchar(255) DEFAULT NULL COMMENT '设备的网络类型',
  `DeviceStreamType` varchar(255) DEFAULT NULL COMMENT '设备的流类型',
  `MethodByGetStream` varchar(255) DEFAULT NULL COMMENT '使用哪种方式拉取非rtp设备的流',
  `VideoDeviceType` varchar(255) DEFAULT NULL COMMENT '设备类型，IPC,NVR,DVR',
  `AutoVideo` bit(1) NOT NULL COMMENT '是否自动启用推拉流',
  `AutoRecord` bit(1) NOT NULL COMMENT '是否自动启用录制计划',
  `RecordPlanName` varchar(255) DEFAULT NULL COMMENT '录制计划模板名称',
  `IpV4Address` varchar(16) DEFAULT NULL COMMENT '设备的ipv4地址',
  `IpV6Address` varchar(64) DEFAULT NULL COMMENT '设备的ipv6地址',
  `HasPtz` bit(1) NOT NULL COMMENT '设备是否有云台控制',
  `DeviceId` varchar(20) DEFAULT NULL COMMENT 'GB28181设备的SipDevice.DeviceId',
  `ChannelId` varchar(20) DEFAULT NULL COMMENT 'GB28181设备的SipChannel.DeviceId',
  `RtpWithTcp` bit(1) DEFAULT NULL COMMENT 'Rtp设备是否使用Tcp推流',
  `VideoSrcUrl` varchar(255) DEFAULT NULL COMMENT '非Rtp设备的视频流源地址',
  `DefaultRtpPort` bit(1) DEFAULT NULL COMMENT 'Rtp设备是否使用流媒体默认rtp端口，如10000端口',
  `CreateTime` datetime(3) NOT NULL COMMENT '创建时间',
  `UpdateTime` datetime(3) NOT NULL COMMENT '更新时间',
  `Enabled` bit(1) DEFAULT NULL COMMENT '是否启用',
  `NoPlayerBreak` bit(1) DEFAULT NULL COMMENT '无人观察时断开流端口，此字段为true时AutoVideo字段必须为Flase\n            如果AutoVideo为true,则此字段无效',
  `RecordSecs` int(11) DEFAULT NULL COMMENT '录制时长（秒）',
  PRIMARY KEY (`Id`),
  UNIQUE KEY `idx_vcs_maid` (`MainId`),
  KEY `idx_vcs_chnn` (`ChannelName`),
  KEY `idx_vcs_msid` (`MediaServerId`),
  KEY `idx_vcs_dept` (`DepartmentId`),
  KEY `idx_vcs_ipv4` (`IpV4Address`),
  KEY `idx_vcs_ipv6` (`IpV6Address`),
  KEY `idx_vcs_enbl` (`Enabled`)
) ENGINE=InnoDB AUTO_INCREMENT=10677 DEFAULT CHARSET=utf8 COMMENT='摄像头通道实例';
/*!40101 SET character_set_client = @saved_cs_client */;

--
-- Dumping data for table `videochannels`
--

LOCK TABLES `videochannels` WRITE;
/*!40000 ALTER TABLE `videochannels` DISABLE KEYS */;
/*!40000 ALTER TABLE `videochannels` ENABLE KEYS */;
UNLOCK TABLES;
/*!40103 SET TIME_ZONE=@OLD_TIME_ZONE */;

/*!40101 SET SQL_MODE=@OLD_SQL_MODE */;
/*!40014 SET FOREIGN_KEY_CHECKS=@OLD_FOREIGN_KEY_CHECKS */;
/*!40014 SET UNIQUE_CHECKS=@OLD_UNIQUE_CHECKS */;
/*!40101 SET CHARACTER_SET_CLIENT=@OLD_CHARACTER_SET_CLIENT */;
/*!40101 SET CHARACTER_SET_RESULTS=@OLD_CHARACTER_SET_RESULTS */;
/*!40101 SET COLLATION_CONNECTION=@OLD_COLLATION_CONNECTION */;
/*!40111 SET SQL_NOTES=@OLD_SQL_NOTES */;

-- Dump completed on 2021-07-15  9:41:51
